residue name,atom name,charge,radius,atom type,source,citation
ALA,N,-0.415700,2.3990,N,SWANSON,doi:10.1021/ct600216k
ALA,H,0.271900,1.3880,H,SWANSON,doi:10.1021/ct600216k
ALA,CA,0.033700,2.4280,CT,SWANSON,doi:10.1021/ct600216k
ALA,HA,0.082300,2.0190,H1,SWANSON,doi:10.1021/ct600216k
ALA,CB,-0.182500,2.5760,CT,SWANSON,doi:10.1021/ct600216k
ALA,HB1,0.060300,1.6800,HC,SWANSON,doi:10.1021/ct600216k
ALA,HB2,0.060300,1.6800,HC,SWANSON,doi:10.1021/ct600216k
ALA,HB3,0.060300,1.6800,HC,SWANSON,doi:10.1021/ct600216k
ALA,C,0.597300,2.3170,C,SWANSON,doi:10.1021/ct600216k
ALA,O,-0.567900,1.7320,O,SWANSON,doi:10.1021/ct600216k
ARG,N,-0.347900,2.3990,N,SWANSON,doi:10.1021/ct600216k
ARG,H,0.274700,1.3880,H,SWANSON,doi:10.1021/ct600216k
ARG,CA,-0.263700,2.4280,CT,SWANSON,doi:10.1021/ct600216k
ARG,HA,0.156000,2.0190,H1,SWANSON,doi:10.1021/ct600216k
ARG,CB,-0.000700,2.5760,CT,SWANSON,doi:10.1021/ct600216k
ARG,HB2,0.032700,1.6800,HC,SWANSON,doi:10.1021/ct600216k
ARG,HB3,0.032700,1.6800,HC,SWANSON,doi:10.1021/ct600216k
ARG,CG,0.039000,2.4140,CT,SWANSON,doi:10.1021/ct600216k
ARG,HG2,0.028500,1.6800,HC,SWANSON,doi:10.1021/ct600216k
ARG,HG3,0.028500,1.6800,HC,SWANSON,doi:10.1021/ct600216k
ARG,CD,0.048600,2.4420,CT,SWANSON,doi:10.1021/ct600216k
ARG,HD2,0.068700,2.0190,H1,SWANSON,doi:10.1021/ct600216k
ARG,HD3,0.068700,2.0190,H1,SWANSON,doi:10.1021/ct600216k
ARG,NE,-0.529500,2.3280,N2,SWANSON,doi:10.1021/ct600216k
ARG,HE,0.345600,1.3020,H,SWANSON,doi:10.1021/ct600216k
ARG,CZ,0.807600,2.4610,CA,SWANSON,doi:10.1021/ct600216k
ARG,NH1,-0.862700,2.3280,N2,SWANSON,doi:10.1021/ct600216k
ARG,HH11,0.447800,1.3020,H,SWANSON,doi:10.1021/ct600216k
ARG,HH12,0.447800,1.3020,H,SWANSON,doi:10.1021/ct600216k
ARG,NH2,-0.862700,2.3280,N2,SWANSON,doi:10.1021/ct600216k
ARG,HH21,0.447800,1.3020,H,SWANSON,doi:10.1021/ct600216k
ARG,HH22,0.447800,1.3020,H,SWANSON,doi:10.1021/ct600216k
ARG,C,0.734100,2.3170,C,SWANSON,doi:10.1021/ct600216k
ARG,O,-0.589400,1.7320,O,SWANSON,doi:10.1021/ct600216k
ASH,N,-0.415700,2.3990,N,SWANSON,doi:10.1021/ct600216k
ASH,H,0.271900,1.3880,H,SWANSON,doi:10.1021/ct600216k
ASH,CA,0.034100,2.4280,CT,SWANSON,doi:10.1021/ct600216k
ASH,HA,0.086400,2.0190,H1,SWANSON,doi:10.1021/ct600216k
ASH,CB,-0.031600,2.2310,CT,SWANSON,doi:10.1021/ct600216k
ASH,HB2,0.048800,1.6800,HC,SWANSON,doi:10.1021/ct600216k
ASH,HB3,0.048800,1.6800,HC,SWANSON,doi:10.1021/ct600216k
ASH,CG,0.646200,2.3530,C,SWANSON,doi:10.1021/ct600216k
ASH,OD1,-0.555400,1.7560,O,SWANSON,doi:10.1021/ct600216k
ASH,OD2,-0.637600,1.7560,OH,SWANSON,doi:10.1021/ct600216k
ASH,HD2,0.474700,0.9170,HO,SWANSON,doi:10.1021/ct600216k
ASH,C,0.597300,2.3170,C,SWANSON,doi:10.1021/ct600216k
ASH,O,-0.567900,1.7320,O,SWANSON,doi:10.1021/ct600216k
ASN,N,-0.415700,2.3990,N,SWANSON,doi:10.1021/ct600216k
ASN,H,0.271900,1.3880,H,SWANSON,doi:10.1021/ct600216k
ASN,CA,0.014300,2.4280,CT,SWANSON,doi:10.1021/ct600216k
ASN,HA,0.104800,2.0190,H1,SWANSON,doi:10.1021/ct600216k
ASN,CB,-0.204100,2.5760,CT,SWANSON,doi:10.1021/ct600216k
ASN,HB2,0.079700,1.6800,HC,SWANSON,doi:10.1021/ct600216k
ASN,HB3,0.079700,1.6800,HC,SWANSON,doi:10.1021/ct600216k
ASN,CG,0.713000,2.3530,C,SWANSON,doi:10.1021/ct600216k
ASN,OD1,-0.593100,1.7560,O,SWANSON,doi:10.1021/ct600216k
ASN,ND2,-0.919100,2.3970,N,SWANSON,doi:10.1021/ct600216k
ASN,HD21,0.419600,1.3020,H,SWANSON,doi:10.1021/ct600216k
ASN,HD22,0.419600,1.3020,H,SWANSON,doi:10.1021/ct600216k
ASN,C,0.597300,2.3170,C,SWANSON,doi:10.1021/ct600216k
ASN,O,-0.567900,1.7320,O,SWANSON,doi:10.1021/ct600216k
ASP,N,-0.516300,2.3990,N,SWANSON,doi:10.1021/ct600216k
ASP,H,0.293600,1.3880,H,SWANSON,doi:10.1021/ct600216k
ASP,CA,0.038100,2.4280,CT,SWANSON,doi:10.1021/ct600216k
ASP,HA,0.088000,2.0190,H1,SWANSON,doi:10.1021/ct600216k
ASP,CB,-0.030300,2.2310,CT,SWANSON,doi:10.1021/ct600216k
ASP,HB2,-0.012200,1.6800,HC,SWANSON,doi:10.1021/ct600216k
ASP,HB3,-0.012200,1.6800,HC,SWANSON,doi:10.1021/ct600216k
ASP,CG,0.799400,2.3530,C,SWANSON,doi:10.1021/ct600216k
ASP,OD1,-0.801400,1.7560,O2,SWANSON,doi:10.1021/ct600216k
ASP,OD2,-0.801400,1.7560,O2,SWANSON,doi:10.1021/ct600216k
ASP,C,0.536600,2.3170,C,SWANSON,doi:10.1021/ct600216k
ASP,O,-0.581900,1.7320,O,SWANSON,doi:10.1021/ct600216k
CYM,N,-0.415700,2.3990,N,SWANSON,doi:10.1021/ct600216k
CYM,HN,0.271900,1.3880,H,SWANSON,doi:10.1021/ct600216k
CYM,CA,-0.035100,2.4280,CT,SWANSON,doi:10.1021/ct600216k
CYM,HA,0.050800,2.0190,H1,SWANSON,doi:10.1021/ct600216k
CYM,CB,-0.241300,2.2310,CT,SWANSON,doi:10.1021/ct600216k
CYM,HB3,0.112200,2.0190,H1,SWANSON,doi:10.1021/ct600216k
CYM,HB2,0.112200,2.0190,H1,SWANSON,doi:10.1021/ct600216k
CYM,SG,-0.884400,2.3370,SH,SWANSON,doi:10.1021/ct600216k
CYM,C,0.597300,2.3170,C,SWANSON,doi:10.1021/ct600216k
CYM,O,-0.567900,1.7320,O,SWANSON,doi:10.1021/ct600216k
CYS,N,-0.415700,2.3990,N,SWANSON,doi:10.1021/ct600216k
CYS,H,0.271900,1.3880,H,SWANSON,doi:10.1021/ct600216k
CYS,CA,0.021300,2.4280,CT,SWANSON,doi:10.1021/ct600216k
CYS,HA,0.112400,2.0190,H1,SWANSON,doi:10.1021/ct600216k
CYS,CB,-0.123100,2.2310,CT,SWANSON,doi:10.1021/ct600216k
CYS,HB2,0.111200,2.0190,H1,SWANSON,doi:10.1021/ct600216k
CYS,HB3,0.111200,2.0190,H1,SWANSON,doi:10.1021/ct600216k
CYS,SG,-0.311900,2.3370,SH,SWANSON,doi:10.1021/ct600216k
CYS,HG,0.193300,0.9170,HS,SWANSON,doi:10.1021/ct600216k
CYS,C,0.597300,2.3170,C,SWANSON,doi:10.1021/ct600216k
CYS,O,-0.567900,1.7320,O,SWANSON,doi:10.1021/ct600216k
CYX,N,-0.415700,2.3990,N,SWANSON,doi:10.1021/ct600216k
CYX,H,0.271900,1.3880,H,SWANSON,doi:10.1021/ct600216k
CYX,CA,0.042900,2.4280,CT,SWANSON,doi:10.1021/ct600216k
CYX,HA,0.076600,2.0190,H1,SWANSON,doi:10.1021/ct600216k
CYX,CB,-0.079000,2.2310,CT,SWANSON,doi:10.1021/ct600216k
CYX,HB2,0.091000,2.0190,H1,SWANSON,doi:10.1021/ct600216k
CYX,HB3,0.091000,2.0190,H1,SWANSON,doi:10.1021/ct600216k
CYX,SG,-0.108100,2.3370,S,SWANSON,doi:10.1021/ct600216k
CYX,C,0.597300,2.3170,C,SWANSON,doi:10.1021/ct600216k
CYX,O,-0.567900,1.7320,O,SWANSON,doi:10.1021/ct600216k
GLH,N,-0.415700,2.3990,N,SWANSON,doi:10.1021/ct600216k
GLH,H,0.271900,1.3880,H,SWANSON,doi:10.1021/ct600216k
GLH,CA,0.014500,2.4280,CT,SWANSON,doi:10.1021/ct600216k
GLH,HA,0.077900,2.0190,H1,SWANSON,doi:10.1021/ct600216k
GLH,CB,-0.007100,2.2310,CT,SWANSON,doi:10.1021/ct600216k
GLH,HB2,0.025600,1.6800,HC,SWANSON,doi:10.1021/ct600216k
GLH,HB3,0.025600,1.6800,HC,SWANSON,doi:10.1021/ct600216k
GLH,CG,-0.017400,2.3410,CT,SWANSON,doi:10.1021/ct600216k
GLH,HG2,0.043000,1.6800,HC,SWANSON,doi:10.1021/ct600216k
GLH,HG3,0.043000,1.6800,HC,SWANSON,doi:10.1021/ct600216k
GLH,CD,0.680100,2.3530,C,SWANSON,doi:10.1021/ct600216k
GLH,OE1,-0.583800,1.7560,O,SWANSON,doi:10.1021/ct600216k
GLH,OE2,-0.651100,1.7560,OH,SWANSON,doi:10.1021/ct600216k
GLH,HE2,0.464100,0.9170,HO,SWANSON,doi:10.1021/ct600216k
GLH,C,0.597300,2.3170,C,SWANSON,doi:10.1021/ct600216k
GLH,O,-0.567900,1.7320,O,SWANSON,doi:10.1021/ct600216k
GLN,N,-0.415700,2.3990,N,SWANSON,doi:10.1021/ct600216k
GLN,H,0.271900,1.3880,H,SWANSON,doi:10.1021/ct600216k
GLN,CA,-0.003100,2.4280,CT,SWANSON,doi:10.1021/ct600216k
GLN,HA,0.085000,2.0190,H1,SWANSON,doi:10.1021/ct600216k
GLN,CB,-0.003600,2.5760,CT,SWANSON,doi:10.1021/ct600216k
GLN,HB2,0.017100,1.6800,HC,SWANSON,doi:10.1021/ct600216k
GLN,HB3,0.017100,1.6800,HC,SWANSON,doi:10.1021/ct600216k
GLN,CG,-0.064500,2.4140,CT,SWANSON,doi:10.1021/ct600216k
GLN,HG2,0.035200,1.6800,HC,SWANSON,doi:10.1021/ct600216k
GLN,HG3,0.035200,1.6800,HC,SWANSON,doi:10.1021/ct600216k
GLN,CD,0.695100,2.3530,C,SWANSON,doi:10.1021/ct600216k
GLN,OE1,-0.608600,1.7560,O,SWANSON,doi:10.1021/ct600216k
GLN,NE2,-0.940700,2.3970,N,SWANSON,doi:10.1021/ct600216k
GLN,HE21,0.425100,1.3020,H,SWANSON,doi:10.1021/ct600216k
GLN,HE22,0.425100,1.3020,H,SWANSON,doi:10.1021/ct600216k
GLN,C,0.597300,2.3170,C,SWANSON,doi:10.1021/ct600216k
GLN,O,-0.567900,1.7320,O,SWANSON,doi:10.1021/ct600216k
GLU,N,-0.516300,2.3990,N,SWANSON,doi:10.1021/ct600216k
GLU,H,0.293600,1.3880,H,SWANSON,doi:10.1021/ct600216k
GLU,CA,0.039700,2.4280,CT,SWANSON,doi:10.1021/ct600216k
GLU,HA,0.110500,2.0190,H1,SWANSON,doi:10.1021/ct600216k
GLU,CB,0.056000,2.2310,CT,SWANSON,doi:10.1021/ct600216k
GLU,HB2,-0.017300,1.6800,HC,SWANSON,doi:10.1021/ct600216k
GLU,HB3,-0.017300,1.6800,HC,SWANSON,doi:10.1021/ct600216k
GLU,CG,0.013600,2.3410,CT,SWANSON,doi:10.1021/ct600216k
GLU,HG2,-0.042500,1.6800,HC,SWANSON,doi:10.1021/ct600216k
GLU,HG3,-0.042500,1.6800,HC,SWANSON,doi:10.1021/ct600216k
GLU,CD,0.805400,2.3530,C,SWANSON,doi:10.1021/ct600216k
GLU,OE1,-0.818800,1.7560,O2,SWANSON,doi:10.1021/ct600216k
GLU,OE2,-0.818800,1.7560,O2,SWANSON,doi:10.1021/ct600216k
GLU,C,0.536600,2.3170,C,SWANSON,doi:10.1021/ct600216k
GLU,O,-0.581900,1.7320,O,SWANSON,doi:10.1021/ct600216k
GLY,N,-0.415700,2.3990,N,SWANSON,doi:10.1021/ct600216k
GLY,H,0.271900,1.3880,H,SWANSON,doi:10.1021/ct600216k
GLY,CA,-0.025200,2.3530,CT,SWANSON,doi:10.1021/ct600216k
GLY,HA2,0.069800,2.0190,H1,SWANSON,doi:10.1021/ct600216k
GLY,HA3,0.069800,2.0190,H1,SWANSON,doi:10.1021/ct600216k
GLY,C,0.597300,2.3170,C,SWANSON,doi:10.1021/ct600216k
GLY,O,-0.567900,1.7320,O,SWANSON,doi:10.1021/ct600216k
HID,N,-0.415700,2.3990,N,SWANSON,doi:10.1021/ct600216k
HID,H,0.271900,1.3880,H,SWANSON,doi:10.1021/ct600216k
HID,CA,0.018800,2.4280,CT,SWANSON,doi:10.1021/ct600216k
HID,HA,0.088100,2.0190,H1,SWANSON,doi:10.1021/ct600216k
HID,CB,-0.046200,2.2310,CT,SWANSON,doi:10.1021/ct600216k
HID,HB2,0.040200,1.6800,HC,SWANSON,doi:10.1021/ct600216k
HID,HB3,0.040200,1.6800,HC,SWANSON,doi:10.1021/ct600216k
HID,CG,-0.026600,2.1360,CC,SWANSON,doi:10.1021/ct600216k
HID,ND1,-0.381100,2.0400,NA,SWANSON,doi:10.1021/ct600216k
HID,HD1,0.364900,1.3020,H,SWANSON,doi:10.1021/ct600216k
HID,CE1,0.205700,2.2170,CR,SWANSON,doi:10.1021/ct600216k
HID,HE1,0.139200,1.3590,H5,SWANSON,doi:10.1021/ct600216k
HID,NE2,-0.572700,2.0400,NB,SWANSON,doi:10.1021/ct600216k
HID,CD2,0.129200,2.2170,CV,SWANSON,doi:10.1021/ct600216k
HID,HD2,0.114700,1.4090,H4,SWANSON,doi:10.1021/ct600216k
HID,C,0.597300,2.3170,C,SWANSON,doi:10.1021/ct600216k
HID,O,-0.567900,1.7320,O,SWANSON,doi:10.1021/ct600216k
HIE,N,-0.415700,2.3990,N,SWANSON,doi:10.1021/ct600216k
HIE,H,0.271900,1.3880,H,SWANSON,doi:10.1021/ct600216k
HIE,CA,-0.058100,2.4280,CT,SWANSON,doi:10.1021/ct600216k
HIE,HA,0.136000,2.0190,H1,SWANSON,doi:10.1021/ct600216k
HIE,CB,-0.007400,2.2310,CT,SWANSON,doi:10.1021/ct600216k
HIE,HB2,0.036700,1.6800,HC,SWANSON,doi:10.1021/ct600216k
HIE,HB3,0.036700,1.6800,HC,SWANSON,doi:10.1021/ct600216k
HIE,CG,0.186800,2.1360,CC,SWANSON,doi:10.1021/ct600216k
HIE,ND1,-0.543200,2.0400,NB,SWANSON,doi:10.1021/ct600216k
HIE,CE1,0.163500,2.2170,CR,SWANSON,doi:10.1021/ct600216k
HIE,HE1,0.143500,1.3590,H5,SWANSON,doi:10.1021/ct600216k
HIE,NE2,-0.279500,2.0400,NA,SWANSON,doi:10.1021/ct600216k
HIE,HE2,0.333900,1.3020,H,SWANSON,doi:10.1021/ct600216k
HIE,CD2,-0.220700,2.2170,CW,SWANSON,doi:10.1021/ct600216k
HIE,HD2,0.186200,1.4090,H4,SWANSON,doi:10.1021/ct600216k
HIE,C,0.597300,2.3170,C,SWANSON,doi:10.1021/ct600216k
HIE,O,-0.567900,1.7320,O,SWANSON,doi:10.1021/ct600216k
HIP,N,-0.347900,2.3990,N,SWANSON,doi:10.1021/ct600216k
HIP,H,0.274700,1.3880,H,SWANSON,doi:10.1021/ct600216k
HIP,CA,-0.135400,2.4280,CT,SWANSON,doi:10.1021/ct600216k
HIP,HA,0.121200,2.0190,H1,SWANSON,doi:10.1021/ct600216k
HIP,CB,-0.041400,2.2310,CT,SWANSON,doi:10.1021/ct600216k
HIP,HB2,0.081000,1.6800,HC,SWANSON,doi:10.1021/ct600216k
HIP,HB3,0.081000,1.6800,HC,SWANSON,doi:10.1021/ct600216k
HIP,CG,-0.001200,2.1360,CC,SWANSON,doi:10.1021/ct600216k
HIP,ND1,-0.151300,2.0400,NA,SWANSON,doi:10.1021/ct600216k
HIP,HD1,0.386600,1.3020,H,SWANSON,doi:10.1021/ct600216k
HIP,CE1,-0.017000,2.2170,CR,SWANSON,doi:10.1021/ct600216k
HIP,HE1,0.268100,1.3590,H5,SWANSON,doi:10.1021/ct600216k
HIP,NE2,-0.171800,2.0400,NA,SWANSON,doi:10.1021/ct600216k
HIP,HE2,0.391100,1.3020,H,SWANSON,doi:10.1021/ct600216k
HIP,CD2,-0.114100,2.2170,CW,SWANSON,doi:10.1021/ct600216k
HIP,HD2,0.231700,1.4090,H4,SWANSON,doi:10.1021/ct600216k
HIP,C,0.734100,2.3170,C,SWANSON,doi:10.1021/ct600216k
HIP,O,-0.589400,1.7320,O,SWANSON,doi:10.1021/ct600216k
ILE,N,-0.415700,2.3990,N,SWANSON,doi:10.1021/ct600216k
ILE,H,0.271900,1.3880,H,SWANSON,doi:10.1021/ct600216k
ILE,CA,-0.059700,2.4280,CT,SWANSON,doi:10.1021/ct600216k
ILE,HA,0.086900,2.0190,H1,SWANSON,doi:10.1021/ct600216k
ILE,CB,0.130300,2.5760,CT,SWANSON,doi:10.1021/ct600216k
ILE,HB,0.018700,1.6800,HC,SWANSON,doi:10.1021/ct600216k
ILE,CG2,-0.320400,2.4140,CT,SWANSON,doi:10.1021/ct600216k
ILE,HG21,0.088200,1.6800,HC,SWANSON,doi:10.1021/ct600216k
ILE,HG22,0.088200,1.6800,HC,SWANSON,doi:10.1021/ct600216k
ILE,HG23,0.088200,1.6800,HC,SWANSON,doi:10.1021/ct600216k
ILE,CG1,-0.043000,2.4140,CT,SWANSON,doi:10.1021/ct600216k
ILE,HG12,0.023600,1.6800,HC,SWANSON,doi:10.1021/ct600216k
ILE,HG13,0.023600,1.6800,HC,SWANSON,doi:10.1021/ct600216k
ILE,CD1,-0.066000,2.5590,CT,SWANSON,doi:10.1021/ct600216k
ILE,HD11,0.018600,1.6800,HC,SWANSON,doi:10.1021/ct600216k
ILE,HD12,0.018600,1.6800,HC,SWANSON,doi:10.1021/ct600216k
ILE,HD13,0.018600,1.6800,HC,SWANSON,doi:10.1021/ct600216k
ILE,C,0.597300,2.3170,C,SWANSON,doi:10.1021/ct600216k
ILE,O,-0.567900,1.7320,O,SWANSON,doi:10.1021/ct600216k
LEU,N,-0.415700,2.3990,N,SWANSON,doi:10.1021/ct600216k
LEU,H,0.271900,1.3880,H,SWANSON,doi:10.1021/ct600216k
LEU,CA,-0.051800,2.4280,CT,SWANSON,doi:10.1021/ct600216k
LEU,HA,0.092200,2.0190,H1,SWANSON,doi:10.1021/ct600216k
LEU,CB,-0.110200,2.5760,CT,SWANSON,doi:10.1021/ct600216k
LEU,HB2,0.045700,1.6800,HC,SWANSON,doi:10.1021/ct600216k
LEU,HB3,0.045700,1.6800,HC,SWANSON,doi:10.1021/ct600216k
LEU,CG,0.353100,2.4140,CT,SWANSON,doi:10.1021/ct600216k
LEU,HG,-0.036100,1.6800,HC,SWANSON,doi:10.1021/ct600216k
LEU,CD1,-0.412100,2.5590,CT,SWANSON,doi:10.1021/ct600216k
LEU,HD11,0.100000,1.6800,HC,SWANSON,doi:10.1021/ct600216k
LEU,HD12,0.100000,1.6800,HC,SWANSON,doi:10.1021/ct600216k
LEU,HD13,0.100000,1.6800,HC,SWANSON,doi:10.1021/ct600216k
LEU,CD2,-0.412100,2.5590,CT,SWANSON,doi:10.1021/ct600216k
LEU,HD21,0.100000,1.6800,HC,SWANSON,doi:10.1021/ct600216k
LEU,HD22,0.100000,1.6800,HC,SWANSON,doi:10.1021/ct600216k
LEU,HD23,0.100000,1.6800,HC,SWANSON,doi:10.1021/ct600216k
LEU,C,0.597300,2.3170,C,SWANSON,doi:10.1021/ct600216k
LEU,O,-0.567900,1.7320,O,SWANSON,doi:10.1021/ct600216k
LYN,N,-0.415700,2.3990,N,SWANSON,doi:10.1021/ct600216k
LYN,H,0.271900,1.3880,H,SWANSON,doi:10.1021/ct600216k
LYN,CA,-0.072060,2.4280,CT,SWANSON,doi:10.1021/ct600216k
LYN,HA,0.099400,2.0190,H1,SWANSON,doi:10.1021/ct600216k
LYN,CB,-0.048450,2.5760,CT,SWANSON,doi:10.1021/ct600216k
LYN,HB2,0.034000,1.6800,HC,SWANSON,doi:10.1021/ct600216k
LYN,HB3,0.034000,1.6800,HC,SWANSON,doi:10.1021/ct600216k
LYN,CG,0.066120,2.4140,CT,SWANSON,doi:10.1021/ct600216k
LYN,HG2,0.010410,1.6800,HC,SWANSON,doi:10.1021/ct600216k
LYN,HG3,0.010410,1.6800,HC,SWANSON,doi:10.1021/ct600216k
LYN,CD,-0.037680,2.4420,CT,SWANSON,doi:10.1021/ct600216k
LYN,HD2,0.011550,1.6800,HC,SWANSON,doi:10.1021/ct600216k
LYN,HD3,0.011550,1.6800,HC,SWANSON,doi:10.1021/ct600216k
LYN,CE,0.326040,2.4610,CT,SWANSON,doi:10.1021/ct600216k
LYN,HE2,-0.033580,2.0190,HP,SWANSON,doi:10.1021/ct600216k
LYN,HE3,-0.033580,2.0190,HP,SWANSON,doi:10.1021/ct600216k
LYN,NZ,-1.035810,2.3280,N3,SWANSON,doi:10.1021/ct600216k
LYN,HZ2,0.386040,1.3020,H,SWANSON,doi:10.1021/ct600216k
LYN,HZ3,0.386040,1.3020,H,SWANSON,doi:10.1021/ct600216k
LYN,C,0.597300,2.3170,C,SWANSON,doi:10.1021/ct600216k
LYN,O,-0.567900,1.7320,O,SWANSON,doi:10.1021/ct600216k
LYS,N,-0.347900,2.3990,N,SWANSON,doi:10.1021/ct600216k
LYS,H,0.274700,1.3880,H,SWANSON,doi:10.1021/ct600216k
LYS,CA,-0.240000,2.4280,CT,SWANSON,doi:10.1021/ct600216k
LYS,HA,0.142600,2.0190,H1,SWANSON,doi:10.1021/ct600216k
LYS,CB,-0.009400,2.5760,CT,SWANSON,doi:10.1021/ct600216k
LYS,HB2,0.036200,1.6800,HC,SWANSON,doi:10.1021/ct600216k
LYS,HB3,0.036200,1.6800,HC,SWANSON,doi:10.1021/ct600216k
LYS,CG,0.018700,2.4140,CT,SWANSON,doi:10.1021/ct600216k
LYS,HG2,0.010300,1.6800,HC,SWANSON,doi:10.1021/ct600216k
LYS,HG3,0.010300,1.6800,HC,SWANSON,doi:10.1021/ct600216k
LYS,CD,-0.047900,2.4420,CT,SWANSON,doi:10.1021/ct600216k
LYS,HD2,0.062100,1.6800,HC,SWANSON,doi:10.1021/ct600216k
LYS,HD3,0.062100,1.6800,HC,SWANSON,doi:10.1021/ct600216k
LYS,CE,-0.014300,2.4610,CT,SWANSON,doi:10.1021/ct600216k
LYS,HE2,0.113500,2.0190,HP,SWANSON,doi:10.1021/ct600216k
LYS,HE3,0.113500,2.0190,HP,SWANSON,doi:10.1021/ct600216k
LYS,NZ,-0.385400,2.3280,N3,SWANSON,doi:10.1021/ct600216k
LYS,HZ1,0.340000,1.3020,H,SWANSON,doi:10.1021/ct600216k
LYS,HZ2,0.340000,1.3020,H,SWANSON,doi:10.1021/ct600216k
LYS,HZ3,0.340000,1.3020,H,SWANSON,doi:10.1021/ct600216k
LYS,C,0.734100,2.3170,C,SWANSON,doi:10.1021/ct600216k
LYS,O,-0.589400,1.7320,O,SWANSON,doi:10.1021/ct600216k
MET,N,-0.415700,2.3990,N,SWANSON,doi:10.1021/ct600216k
MET,H,0.271900,1.3880,H,SWANSON,doi:10.1021/ct600216k
MET,CA,-0.023700,2.4280,CT,SWANSON,doi:10.1021/ct600216k
MET,HA,0.088000,2.0190,H1,SWANSON,doi:10.1021/ct600216k
MET,CB,0.034200,2.2310,CT,SWANSON,doi:10.1021/ct600216k
MET,HB2,0.024100,1.6800,HC,SWANSON,doi:10.1021/ct600216k
MET,HB3,0.024100,1.6800,HC,SWANSON,doi:10.1021/ct600216k
MET,CG,0.001800,2.4140,CT,SWANSON,doi:10.1021/ct600216k
MET,HG2,0.044000,2.0190,H1,SWANSON,doi:10.1021/ct600216k
MET,HG3,0.044000,2.0190,H1,SWANSON,doi:10.1021/ct600216k
MET,SD,-0.273700,2.3370,S,SWANSON,doi:10.1021/ct600216k
MET,CE,-0.053600,1.9720,CT,SWANSON,doi:10.1021/ct600216k
MET,HE1,0.068400,2.0190,H1,SWANSON,doi:10.1021/ct600216k
MET,HE2,0.068400,2.0190,H1,SWANSON,doi:10.1021/ct600216k
MET,HE3,0.068400,2.0190,H1,SWANSON,doi:10.1021/ct600216k
MET,C,0.597300,2.3170,C,SWANSON,doi:10.1021/ct600216k
MET,O,-0.567900,1.7320,O,SWANSON,doi:10.1021/ct600216k
PHE,N,-0.415700,2.3990,N,SWANSON,doi:10.1021/ct600216k
PHE,H,0.271900,1.3880,H,SWANSON,doi:10.1021/ct600216k
PHE,CA,-0.002400,2.4280,CT,SWANSON,doi:10.1021/ct600216k
PHE,HA,0.097800,2.0190,H1,SWANSON,doi:10.1021/ct600216k
PHE,CB,-0.034300,2.2310,CT,SWANSON,doi:10.1021/ct600216k
PHE,HB2,0.029500,1.6800,HC,SWANSON,doi:10.1021/ct600216k
PHE,HB3,0.029500,1.6800,HC,SWANSON,doi:10.1021/ct600216k
PHE,CG,0.011800,2.1360,CA,SWANSON,doi:10.1021/ct600216k
PHE,CD1,-0.125600,2.2170,CA,SWANSON,doi:10.1021/ct600216k
PHE,HD1,0.133000,1.6800,HA,SWANSON,doi:10.1021/ct600216k
PHE,CE1,-0.170400,2.2170,CA,SWANSON,doi:10.1021/ct600216k
PHE,HE1,0.143000,1.6800,HA,SWANSON,doi:10.1021/ct600216k
PHE,CZ,-0.107200,2.2170,CA,SWANSON,doi:10.1021/ct600216k
PHE,HZ,0.129700,1.6800,HA,SWANSON,doi:10.1021/ct600216k
PHE,CE2,-0.170400,2.2170,CA,SWANSON,doi:10.1021/ct600216k
PHE,HE2,0.143000,1.6800,HA,SWANSON,doi:10.1021/ct600216k
PHE,CD2,-0.125600,2.2170,CA,SWANSON,doi:10.1021/ct600216k
PHE,HD2,0.133000,1.6800,HA,SWANSON,doi:10.1021/ct600216k
PHE,C,0.597300,2.3170,C,SWANSON,doi:10.1021/ct600216k
PHE,O,-0.567900,1.7320,O,SWANSON,doi:10.1021/ct600216k
PRO,N,-0.254800,2.3990,N,SWANSON,doi:10.1021/ct600216k
PRO,CD,0.019200,2.4400,CT,SWANSON,doi:10.1021/ct600216k
PRO,HD2,0.039100,2.0190,H1,SWANSON,doi:10.1021/ct600216k
PRO,HD3,0.039100,2.0190,H1,SWANSON,doi:10.1021/ct600216k
PRO,CG,0.018900,2.4400,CT,SWANSON,doi:10.1021/ct600216k
PRO,HG2,0.021300,1.6800,HC,SWANSON,doi:10.1021/ct600216k
PRO,HG3,0.021300,1.6800,HC,SWANSON,doi:10.1021/ct600216k
PRO,CB,-0.007000,2.4400,CT,SWANSON,doi:10.1021/ct600216k
PRO,HB2,0.025300,1.6800,HC,SWANSON,doi:10.1021/ct600216k
PRO,HB3,0.025300,1.6800,HC,SWANSON,doi:10.1021/ct600216k
PRO,CA,-0.026600,2.4280,CT,SWANSON,doi:10.1021/ct600216k
PRO,HA,0.064100,2.0190,H1,SWANSON,doi:10.1021/ct600216k
PRO,C,0.589600,2.3170,C,SWANSON,doi:10.1021/ct600216k
PRO,O,-0.574800,1.7320,O,SWANSON,doi:10.1021/ct600216k
SER,N,-0.415700,2.3990,N,SWANSON,doi:10.1021/ct600216k
SER,H,0.271900,1.3880,H,SWANSON,doi:10.1021/ct600216k
SER,CA,-0.024900,2.4280,CT,SWANSON,doi:10.1021/ct600216k
SER,HA,0.084300,2.0190,H1,SWANSON,doi:10.1021/ct600216k
SER,CB,0.211700,2.2310,CT,SWANSON,doi:10.1021/ct600216k
SER,HB2,0.035200,2.0190,H1,SWANSON,doi:10.1021/ct600216k
SER,HB3,0.035200,2.0190,H1,SWANSON,doi:10.1021/ct600216k
SER,OG,-0.654600,2.1010,OH,SWANSON,doi:10.1021/ct600216k
SER,HG,0.427500,0.9170,HO,SWANSON,doi:10.1021/ct600216k
SER,C,0.597300,2.3170,C,SWANSON,doi:10.1021/ct600216k
SER,O,-0.567900,1.7320,O,SWANSON,doi:10.1021/ct600216k
THR,N,-0.415700,2.3990,N,SWANSON,doi:10.1021/ct600216k
THR,H,0.271900,1.3880,H,SWANSON,doi:10.1021/ct600216k
THR,CA,-0.038900,2.4280,CT,SWANSON,doi:10.1021/ct600216k
THR,HA,0.100700,2.0190,H1,SWANSON,doi:10.1021/ct600216k
THR,CB,0.365400,2.2310,CT,SWANSON,doi:10.1021/ct600216k
THR,HB,0.004300,2.0190,H1,SWANSON,doi:10.1021/ct600216k
THR,CG2,-0.243800,2.4140,CT,SWANSON,doi:10.1021/ct600216k
THR,HG21,0.064200,1.6800,HC,SWANSON,doi:10.1021/ct600216k
THR,HG22,0.064200,1.6800,HC,SWANSON,doi:10.1021/ct600216k
THR,HG23,0.064200,1.6800,HC,SWANSON,doi:10.1021/ct600216k
THR,OG1,-0.676100,2.1010,OH,SWANSON,doi:10.1021/ct600216k
THR,HG1,0.410200,0.9170,HO,SWANSON,doi:10.1021/ct600216k
THR,C,0.597300,2.3170,C,SWANSON,doi:10.1021/ct600216k
THR,O,-0.567900,1.7320,O,SWANSON,doi:10.1021/ct600216k
TRP,N,-0.415700,2.3990,N,SWANSON,doi:10.1021/ct600216k
TRP,H,0.271900,1.3880,H,SWANSON,doi:10.1021/ct600216k
TRP,CA,-0.027500,2.4280,CT,SWANSON,doi:10.1021/ct600216k
TRP,HA,0.112300,2.0190,H1,SWANSON,doi:10.1021/ct600216k
TRP,CB,-0.005000,2.2310,CT,SWANSON,doi:10.1021/ct600216k
TRP,HB2,0.033900,1.6800,HC,SWANSON,doi:10.1021/ct600216k
TRP,HB3,0.033900,1.6800,HC,SWANSON,doi:10.1021/ct600216k
TRP,CG,-0.141500,2.1360,C*,SWANSON,doi:10.1021/ct600216k
TRP,CD1,-0.163800,2.2170,CW,SWANSON,doi:10.1021/ct600216k
TRP,HD1,0.206200,1.4090,H4,SWANSON,doi:10.1021/ct600216k
TRP,NE1,-0.341800,1.9600,NA,SWANSON,doi:10.1021/ct600216k
TRP,HE1,0.341200,1.3020,H,SWANSON,doi:10.1021/ct600216k
TRP,CE2,0.138000,2.2170,CN,SWANSON,doi:10.1021/ct600216k
TRP,CZ2,-0.260100,2.2170,CA,SWANSON,doi:10.1021/ct600216k
TRP,HZ2,0.157200,1.6800,HA,SWANSON,doi:10.1021/ct600216k
TRP,CH2,-0.113400,1.9080,CA,SWANSON,doi:10.1021/ct600216k
TRP,HH2,0.141700,1.6800,HA,SWANSON,doi:10.1021/ct600216k
TRP,CZ3,-0.197200,2.2170,CA,SWANSON,doi:10.1021/ct600216k
TRP,HZ3,0.144700,1.6800,HA,SWANSON,doi:10.1021/ct600216k
TRP,CE3,-0.238700,2.2170,CA,SWANSON,doi:10.1021/ct600216k
TRP,HE3,0.170000,1.6800,HA,SWANSON,doi:10.1021/ct600216k
TRP,CD2,0.124300,2.2170,CB,SWANSON,doi:10.1021/ct600216k
TRP,C,0.597300,2.3170,C,SWANSON,doi:10.1021/ct600216k
TRP,O,-0.567900,1.7320,O,SWANSON,doi:10.1021/ct600216k
TYR,N,-0.415700,2.3990,N,SWANSON,doi:10.1021/ct600216k
TYR,H,0.271900,1.3880,H,SWANSON,doi:10.1021/ct600216k
TYR,CA,-0.001400,2.4280,CT,SWANSON,doi:10.1021/ct600216k
TYR,HA,0.087600,2.0190,H1,SWANSON,doi:10.1021/ct600216k
TYR,CB,-0.015200,2.2310,CT,SWANSON,doi:10.1021/ct600216k
TYR,HB2,0.029500,1.6800,HC,SWANSON,doi:10.1021/ct600216k
TYR,HB3,0.029500,1.6800,HC,SWANSON,doi:10.1021/ct600216k
TYR,CG,-0.001100,2.1360,CA,SWANSON,doi:10.1021/ct600216k
TYR,CD1,-0.190600,2.2170,CA,SWANSON,doi:10.1021/ct600216k
TYR,HD1,0.169900,1.6800,HA,SWANSON,doi:10.1021/ct600216k
TYR,CE1,-0.234100,2.2170,CA,SWANSON,doi:10.1021/ct600216k
TYR,HE1,0.165600,1.6800,HA,SWANSON,doi:10.1021/ct600216k
TYR,CZ,0.322600,2.2170,C,SWANSON,doi:10.1021/ct600216k
TYR,OH,-0.557900,2.1080,OH,SWANSON,doi:10.1021/ct600216k
TYR,HH,0.399200,0.9170,HO,SWANSON,doi:10.1021/ct600216k
TYR,CE2,-0.234100,2.2170,CA,SWANSON,doi:10.1021/ct600216k
TYR,HE2,0.165600,1.6800,HA,SWANSON,doi:10.1021/ct600216k
TYR,CD2,-0.190600,2.2170,CA,SWANSON,doi:10.1021/ct600216k
TYR,HD2,0.169900,1.6800,HA,SWANSON,doi:10.1021/ct600216k
TYR,C,0.597300,2.3170,C,SWANSON,doi:10.1021/ct600216k
TYR,O,-0.567900,1.7320,O,SWANSON,doi:10.1021/ct600216k
VAL,N,-0.415700,2.3990,N,SWANSON,doi:10.1021/ct600216k
VAL,H,0.271900,1.3880,H,SWANSON,doi:10.1021/ct600216k
VAL,CA,-0.087500,2.4280,CT,SWANSON,doi:10.1021/ct600216k
VAL,HA,0.096900,2.0190,H1,SWANSON,doi:10.1021/ct600216k
VAL,CB,0.298500,2.5760,CT,SWANSON,doi:10.1021/ct600216k
VAL,HB,-0.029700,1.6800,HC,SWANSON,doi:10.1021/ct600216k
VAL,CG1,-0.319200,2.4140,CT,SWANSON,doi:10.1021/ct600216k
VAL,HG11,0.079100,1.6800,HC,SWANSON,doi:10.1021/ct600216k
VAL,HG12,0.079100,1.6800,HC,SWANSON,doi:10.1021/ct600216k
VAL,HG13,0.079100,1.6800,HC,SWANSON,doi:10.1021/ct600216k
VAL,CG2,-0.319200,2.4140,CT,SWANSON,doi:10.1021/ct600216k
VAL,HG21,0.079100,1.6800,HC,SWANSON,doi:10.1021/ct600216k
VAL,HG22,0.079100,1.6800,HC,SWANSON,doi:10.1021/ct600216k
VAL,HG23,0.079100,1.6800,HC,SWANSON,doi:10.1021/ct600216k
VAL,C,0.597300,2.3170,C,SWANSON,doi:10.1021/ct600216k
VAL,O,-0.567900,1.7320,O,SWANSON,doi:10.1021/ct600216k
CALA,N,-0.382100,2.3990,N,SWANSON,doi:10.1021/ct600216k
CALA,H,0.268100,1.3880,H,SWANSON,doi:10.1021/ct600216k
CALA,CA,-0.174700,2.4280,CT,SWANSON,doi:10.1021/ct600216k
CALA,HA,0.106700,2.0190,H1,SWANSON,doi:10.1021/ct600216k
CALA,CB,-0.209300,2.5760,CT,SWANSON,doi:10.1021/ct600216k
CALA,HB1,0.076400,1.6800,HC,SWANSON,doi:10.1021/ct600216k
CALA,HB2,0.076400,1.6800,HC,SWANSON,doi:10.1021/ct600216k
CALA,HB3,0.076400,1.6800,HC,SWANSON,doi:10.1021/ct600216k
CALA,C,0.773100,2.3170,C,SWANSON,doi:10.1021/ct600216k
CALA,O,-0.805500,1.7320,O2,SWANSON,doi:10.1021/ct600216k
CALA,OXT,-0.805500,1.7320,O2,SWANSON,doi:10.1021/ct600216k
CARG,N,-0.348100,2.3990,N,SWANSON,doi:10.1021/ct600216k
CARG,H,0.276400,1.3880,H,SWANSON,doi:10.1021/ct600216k
CARG,CA,-0.306800,2.4280,CT,SWANSON,doi:10.1021/ct600216k
CARG,HA,0.144700,2.0190,H1,SWANSON,doi:10.1021/ct600216k
CARG,CB,-0.037400,2.5760,CT,SWANSON,doi:10.1021/ct600216k
CARG,HB2,0.037100,1.6800,HC,SWANSON,doi:10.1021/ct600216k
CARG,HB3,0.037100,1.6800,HC,SWANSON,doi:10.1021/ct600216k
CARG,CG,0.074400,2.4140,CT,SWANSON,doi:10.1021/ct600216k
CARG,HG2,0.018500,1.6800,HC,SWANSON,doi:10.1021/ct600216k
CARG,HG3,0.018500,1.6800,HC,SWANSON,doi:10.1021/ct600216k
CARG,CD,0.111400,2.4420,CT,SWANSON,doi:10.1021/ct600216k
CARG,HD2,0.046800,2.0190,H1,SWANSON,doi:10.1021/ct600216k
CARG,HD3,0.046800,2.0190,H1,SWANSON,doi:10.1021/ct600216k
CARG,NE,-0.556400,2.3280,N2,SWANSON,doi:10.1021/ct600216k
CARG,HE,0.347900,1.3020,H,SWANSON,doi:10.1021/ct600216k
CARG,CZ,0.836800,2.4610,CA,SWANSON,doi:10.1021/ct600216k
CARG,NH1,-0.873700,2.3280,N2,SWANSON,doi:10.1021/ct600216k
CARG,HH11,0.449300,1.3020,H,SWANSON,doi:10.1021/ct600216k
CARG,HH12,0.449300,1.3020,H,SWANSON,doi:10.1021/ct600216k
CARG,NH2,-0.873700,2.3280,N2,SWANSON,doi:10.1021/ct600216k
CARG,HH21,0.449300,1.3020,H,SWANSON,doi:10.1021/ct600216k
CARG,HH22,0.449300,1.3020,H,SWANSON,doi:10.1021/ct600216k
CARG,C,0.855700,2.3170,C,SWANSON,doi:10.1021/ct600216k
CARG,O,-0.826600,1.7320,O2,SWANSON,doi:10.1021/ct600216k
CARG,OXT,-0.826600,1.7320,O2,SWANSON,doi:10.1021/ct600216k
CASN,N,-0.382100,2.3990,N,SWANSON,doi:10.1021/ct600216k
CASN,H,0.268100,1.3880,H,SWANSON,doi:10.1021/ct600216k
CASN,CA,-0.208000,2.4280,CT,SWANSON,doi:10.1021/ct600216k
CASN,HA,0.135800,2.0190,H1,SWANSON,doi:10.1021/ct600216k
CASN,CB,-0.229900,2.5760,CT,SWANSON,doi:10.1021/ct600216k
CASN,HB2,0.102300,1.6800,HC,SWANSON,doi:10.1021/ct600216k
CASN,HB3,0.102300,1.6800,HC,SWANSON,doi:10.1021/ct600216k
CASN,CG,0.715300,2.3530,C,SWANSON,doi:10.1021/ct600216k
CASN,OD1,-0.601000,1.7560,O,SWANSON,doi:10.1021/ct600216k
CASN,ND2,-0.908400,2.3970,N,SWANSON,doi:10.1021/ct600216k
CASN,HD21,0.415000,1.3020,H,SWANSON,doi:10.1021/ct600216k
CASN,HD22,0.415000,1.3020,H,SWANSON,doi:10.1021/ct600216k
CASN,C,0.805000,2.3170,C,SWANSON,doi:10.1021/ct600216k
CASN,O,-0.814700,1.7320,O2,SWANSON,doi:10.1021/ct600216k
CASN,OXT,-0.814700,1.7320,O2,SWANSON,doi:10.1021/ct600216k
CASP,N,-0.519200,2.3990,N,SWANSON,doi:10.1021/ct600216k
CASP,H,0.305500,1.3880,H,SWANSON,doi:10.1021/ct600216k
CASP,CA,-0.181700,2.4280,CT,SWANSON,doi:10.1021/ct600216k
CASP,HA,0.104600,2.0190,H1,SWANSON,doi:10.1021/ct600216k
CASP,CB,-0.067700,2.2310,CT,SWANSON,doi:10.1021/ct600216k
CASP,HB2,-0.021200,1.6800,HC,SWANSON,doi:10.1021/ct600216k
CASP,HB3,-0.021200,1.6800,HC,SWANSON,doi:10.1021/ct600216k
CASP,CG,0.885100,2.3530,C,SWANSON,doi:10.1021/ct600216k
CASP,OD1,-0.816200,1.7560,O2,SWANSON,doi:10.1021/ct600216k
CASP,OD2,-0.816200,1.7560,O2,SWANSON,doi:10.1021/ct600216k
CASP,C,0.725600,2.3170,C,SWANSON,doi:10.1021/ct600216k
CASP,O,-0.788700,1.7320,O2,SWANSON,doi:10.1021/ct600216k
CASP,OXT,-0.788700,1.7320,O2,SWANSON,doi:10.1021/ct600216k
CCYS,N,-0.382100,2.3990,N,SWANSON,doi:10.1021/ct600216k
CCYS,H,0.268100,1.3880,H,SWANSON,doi:10.1021/ct600216k
CCYS,CA,-0.163500,2.4280,CT,SWANSON,doi:10.1021/ct600216k
CCYS,HA,0.139600,2.0190,H1,SWANSON,doi:10.1021/ct600216k
CCYS,CB,-0.199600,2.2310,CT,SWANSON,doi:10.1021/ct600216k
CCYS,HB2,0.143700,2.0190,H1,SWANSON,doi:10.1021/ct600216k
CCYS,HB3,0.143700,2.0190,H1,SWANSON,doi:10.1021/ct600216k
CCYS,SG,-0.310200,2.3370,SH,SWANSON,doi:10.1021/ct600216k
CCYS,HSG,0.206800,0.9170,HS,SWANSON,doi:10.1021/ct600216k
CCYS,C,0.749700,2.3170,C,SWANSON,doi:10.1021/ct600216k
CCYS,O,-0.798100,1.7320,O2,SWANSON,doi:10.1021/ct600216k
CCYS,OXT,-0.798100,1.7320,O2,SWANSON,doi:10.1021/ct600216k
CCYX,N,-0.382100,2.3990,N,SWANSON,doi:10.1021/ct600216k
CCYX,H,0.268100,1.3880,H,SWANSON,doi:10.1021/ct600216k
CCYX,CA,-0.131800,2.4280,CT,SWANSON,doi:10.1021/ct600216k
CCYX,HA,0.093800,2.0190,H1,SWANSON,doi:10.1021/ct600216k
CCYX,CB,-0.194300,2.2310,CT,SWANSON,doi:10.1021/ct600216k
CCYX,HB2,0.122800,2.0190,H1,SWANSON,doi:10.1021/ct600216k
CCYX,HB3,0.122800,2.0190,H1,SWANSON,doi:10.1021/ct600216k
CCYX,SG,-0.052900,2.3370,S,SWANSON,doi:10.1021/ct600216k
CCYX,C,0.761800,2.3170,C,SWANSON,doi:10.1021/ct600216k
CCYX,O,-0.804100,1.7320,O2,SWANSON,doi:10.1021/ct600216k
CCYX,OXT,-0.804100,1.7320,O2,SWANSON,doi:10.1021/ct600216k
CGLN,N,-0.382100,2.3990,N,SWANSON,doi:10.1021/ct600216k
CGLN,H,0.268100,1.3880,H,SWANSON,doi:10.1021/ct600216k
CGLN,CA,-0.224800,2.4280,CT,SWANSON,doi:10.1021/ct600216k
CGLN,HA,0.123200,2.0190,H1,SWANSON,doi:10.1021/ct600216k
CGLN,CB,-0.066400,2.5760,CT,SWANSON,doi:10.1021/ct600216k
CGLN,HB2,0.045200,1.6800,HC,SWANSON,doi:10.1021/ct600216k
CGLN,HB3,0.045200,1.6800,HC,SWANSON,doi:10.1021/ct600216k
CGLN,CG,-0.021000,2.4140,CT,SWANSON,doi:10.1021/ct600216k
CGLN,HG2,0.020300,1.6800,HC,SWANSON,doi:10.1021/ct600216k
CGLN,HG3,0.020300,1.6800,HC,SWANSON,doi:10.1021/ct600216k
CGLN,CD,0.709300,2.3530,C,SWANSON,doi:10.1021/ct600216k
CGLN,OE1,-0.609800,1.7560,O,SWANSON,doi:10.1021/ct600216k
CGLN,NE2,-0.957400,2.3970,N,SWANSON,doi:10.1021/ct600216k
CGLN,HE21,0.430400,1.3020,H,SWANSON,doi:10.1021/ct600216k
CGLN,HE22,0.430400,1.3020,H,SWANSON,doi:10.1021/ct600216k
CGLN,C,0.777500,2.3170,C,SWANSON,doi:10.1021/ct600216k
CGLN,O,-0.804200,1.7320,O2,SWANSON,doi:10.1021/ct600216k
CGLN,OXT,-0.804200,1.7320,O2,SWANSON,doi:10.1021/ct600216k
CGLU,N,-0.519200,2.3990,N,SWANSON,doi:10.1021/ct600216k
CGLU,H,0.305500,1.3880,H,SWANSON,doi:10.1021/ct600216k
CGLU,CA,-0.205900,2.4280,CT,SWANSON,doi:10.1021/ct600216k
CGLU,HA,0.139900,2.0190,H1,SWANSON,doi:10.1021/ct600216k
CGLU,CB,0.007100,2.2310,CT,SWANSON,doi:10.1021/ct600216k
CGLU,HB2,-0.007800,1.6800,HC,SWANSON,doi:10.1021/ct600216k
CGLU,HB3,-0.007800,1.6800,HC,SWANSON,doi:10.1021/ct600216k
CGLU,CG,0.067500,2.3410,CT,SWANSON,doi:10.1021/ct600216k
CGLU,HG2,-0.054800,1.6800,HC,SWANSON,doi:10.1021/ct600216k
CGLU,HG3,-0.054800,1.6800,HC,SWANSON,doi:10.1021/ct600216k
CGLU,CD,0.818300,2.3530,C,SWANSON,doi:10.1021/ct600216k
CGLU,OE1,-0.822000,1.7560,O2,SWANSON,doi:10.1021/ct600216k
CGLU,OE2,-0.822000,1.7560,O2,SWANSON,doi:10.1021/ct600216k
CGLU,C,0.742000,2.3170,C,SWANSON,doi:10.1021/ct600216k
CGLU,O,-0.793000,1.7320,O2,SWANSON,doi:10.1021/ct600216k
CGLU,OXT,-0.793000,1.7320,O2,SWANSON,doi:10.1021/ct600216k
CGLY,N,-0.382100,2.3990,N,SWANSON,doi:10.1021/ct600216k
CGLY,H,0.268100,1.3880,H,SWANSON,doi:10.1021/ct600216k
CGLY,CA,-0.249300,2.3530,CT,SWANSON,doi:10.1021/ct600216k
CGLY,HA2,0.105600,2.0190,H1,SWANSON,doi:10.1021/ct600216k
CGLY,HA3,0.105600,2.0190,H1,SWANSON,doi:10.1021/ct600216k
CGLY,C,0.723100,2.3170,C,SWANSON,doi:10.1021/ct600216k
CGLY,O,-0.785500,1.7320,O2,SWANSON,doi:10.1021/ct600216k
CGLY,OXT,-0.785500,1.7320,O2,SWANSON,doi:10.1021/ct600216k
CHID,N,-0.382100,2.3990,N,SWANSON,doi:10.1021/ct600216k
CHID,H,0.268100,1.3880,H,SWANSON,doi:10.1021/ct600216k
CHID,CA,-0.173900,2.4280,CT,SWANSON,doi:10.1021/ct600216k
CHID,HA,0.110000,2.0190,H1,SWANSON,doi:10.1021/ct600216k
CHID,CB,-0.104600,2.2310,CT,SWANSON,doi:10.1021/ct600216k
CHID,HB2,0.056500,1.6800,HC,SWANSON,doi:10.1021/ct600216k
CHID,HB3,0.056500,1.6800,HC,SWANSON,doi:10.1021/ct600216k
CHID,CG,0.029300,2.1360,CC,SWANSON,doi:10.1021/ct600216k
CHID,ND1,-0.389200,2.0400,NA,SWANSON,doi:10.1021/ct600216k
CHID,HD1,0.375500,1.3020,H,SWANSON,doi:10.1021/ct600216k
CHID,CE1,0.192500,2.2170,CR,SWANSON,doi:10.1021/ct600216k
CHID,HE1,0.141800,1.3590,H5,SWANSON,doi:10.1021/ct600216k
CHID,NE2,-0.562900,2.0400,NB,SWANSON,doi:10.1021/ct600216k
CHID,CD2,0.100100,2.2170,CV,SWANSON,doi:10.1021/ct600216k
CHID,HD2,0.124100,1.4090,H4,SWANSON,doi:10.1021/ct600216k
CHID,C,0.761500,2.3170,C,SWANSON,doi:10.1021/ct600216k
CHID,O,-0.801600,1.7320,O2,SWANSON,doi:10.1021/ct600216k
CHID,OXT,-0.801600,1.7320,O2,SWANSON,doi:10.1021/ct600216k
CHIE,N,-0.382100,2.3990,N,SWANSON,doi:10.1021/ct600216k
CHIE,H,0.268100,1.3880,H,SWANSON,doi:10.1021/ct600216k
CHIE,CA,-0.269900,2.4280,CT,SWANSON,doi:10.1021/ct600216k
CHIE,HA,0.165000,2.0190,H1,SWANSON,doi:10.1021/ct600216k
CHIE,CB,-0.106800,2.2310,CT,SWANSON,doi:10.1021/ct600216k
CHIE,HB2,0.062000,1.6800,HC,SWANSON,doi:10.1021/ct600216k
CHIE,HB3,0.062000,1.6800,HC,SWANSON,doi:10.1021/ct600216k
CHIE,CG,0.272400,2.1360,CC,SWANSON,doi:10.1021/ct600216k
CHIE,ND1,-0.551700,2.0400,NB,SWANSON,doi:10.1021/ct600216k
CHIE,CE1,0.155800,2.2170,CR,SWANSON,doi:10.1021/ct600216k
CHIE,HE1,0.144800,1.3590,H5,SWANSON,doi:10.1021/ct600216k
CHIE,NE2,-0.267000,2.0400,NA,SWANSON,doi:10.1021/ct600216k
CHIE,HE2,0.331900,1.3020,H,SWANSON,doi:10.1021/ct600216k
CHIE,CD2,-0.258800,2.2170,CW,SWANSON,doi:10.1021/ct600216k
CHIE,HD2,0.195700,1.4090,H4,SWANSON,doi:10.1021/ct600216k
CHIE,C,0.791600,2.3170,C,SWANSON,doi:10.1021/ct600216k
CHIE,O,-0.806500,1.7320,O2,SWANSON,doi:10.1021/ct600216k
CHIE,OXT,-0.806500,1.7320,O2,SWANSON,doi:10.1021/ct600216k
CHIP,N,-0.348100,2.3990,N,SWANSON,doi:10.1021/ct600216k
CHIP,H,0.276400,1.3880,H,SWANSON,doi:10.1021/ct600216k
CHIP,CA,-0.144500,2.4280,CT,SWANSON,doi:10.1021/ct600216k
CHIP,HA,0.111500,2.0190,H1,SWANSON,doi:10.1021/ct600216k
CHIP,CB,-0.080000,2.2310,CT,SWANSON,doi:10.1021/ct600216k
CHIP,HB2,0.086800,1.6800,HC,SWANSON,doi:10.1021/ct600216k
CHIP,HB3,0.086800,1.6800,HC,SWANSON,doi:10.1021/ct600216k
CHIP,CG,0.029800,2.1360,CC,SWANSON,doi:10.1021/ct600216k
CHIP,ND1,-0.150100,2.0400,NA,SWANSON,doi:10.1021/ct600216k
CHIP,HD1,0.388300,1.3020,H,SWANSON,doi:10.1021/ct600216k
CHIP,CE1,-0.025100,2.2170,CR,SWANSON,doi:10.1021/ct600216k
CHIP,HE1,0.269400,1.3590,H5,SWANSON,doi:10.1021/ct600216k
CHIP,NE2,-0.168300,2.0400,NA,SWANSON,doi:10.1021/ct600216k
CHIP,HE2,0.391300,1.3020,H,SWANSON,doi:10.1021/ct600216k
CHIP,CD2,-0.125600,2.2170,CW,SWANSON,doi:10.1021/ct600216k
CHIP,HD2,0.233600,1.4090,H4,SWANSON,doi:10.1021/ct600216k
CHIP,C,0.803200,2.3170,C,SWANSON,doi:10.1021/ct600216k
CHIP,O,-0.817700,1.7320,O2,SWANSON,doi:10.1021/ct600216k
CHIP,OXT,-0.817700,1.7320,O2,SWANSON,doi:10.1021/ct600216k
CILE,N,-0.382100,2.3990,N,SWANSON,doi:10.1021/ct600216k
CILE,H,0.268100,1.3880,H,SWANSON,doi:10.1021/ct600216k
CILE,CA,-0.310000,2.4280,CT,SWANSON,doi:10.1021/ct600216k
CILE,HA,0.137500,2.0190,H1,SWANSON,doi:10.1021/ct600216k
CILE,CB,0.036300,2.5760,CT,SWANSON,doi:10.1021/ct600216k
CILE,HB,0.076600,1.6800,HC,SWANSON,doi:10.1021/ct600216k
CILE,CG2,-0.349800,2.4140,CT,SWANSON,doi:10.1021/ct600216k
CILE,HG21,0.102100,1.6800,HC,SWANSON,doi:10.1021/ct600216k
CILE,HG22,0.102100,1.6800,HC,SWANSON,doi:10.1021/ct600216k
CILE,HG23,0.102100,1.6800,HC,SWANSON,doi:10.1021/ct600216k
CILE,CG1,-0.032300,2.4140,CT,SWANSON,doi:10.1021/ct600216k
CILE,HG12,0.032100,1.6800,HC,SWANSON,doi:10.1021/ct600216k
CILE,HG13,0.032100,1.6800,HC,SWANSON,doi:10.1021/ct600216k
CILE,CD1,-0.069900,2.5590,CT,SWANSON,doi:10.1021/ct600216k
CILE,HD11,0.019600,1.6800,HC,SWANSON,doi:10.1021/ct600216k
CILE,HD12,0.019600,1.6800,HC,SWANSON,doi:10.1021/ct600216k
CILE,HD13,0.019600,1.6800,HC,SWANSON,doi:10.1021/ct600216k
CILE,C,0.834300,2.3170,C,SWANSON,doi:10.1021/ct600216k
CILE,O,-0.819000,1.7320,O2,SWANSON,doi:10.1021/ct600216k
CILE,OXT,-0.819000,1.7320,O2,SWANSON,doi:10.1021/ct600216k
CLEU,N,-0.382100,2.3990,N,SWANSON,doi:10.1021/ct600216k
CLEU,H,0.268100,1.3880,H,SWANSON,doi:10.1021/ct600216k
CLEU,CA,-0.284700,2.4280,CT,SWANSON,doi:10.1021/ct600216k
CLEU,HA,0.134600,2.0190,H1,SWANSON,doi:10.1021/ct600216k
CLEU,CB,-0.246900,2.5760,CT,SWANSON,doi:10.1021/ct600216k
CLEU,HB2,0.097400,1.6800,HC,SWANSON,doi:10.1021/ct600216k
CLEU,HB3,0.097400,1.6800,HC,SWANSON,doi:10.1021/ct600216k
CLEU,CG,0.370600,2.4140,CT,SWANSON,doi:10.1021/ct600216k
CLEU,HG,-0.037400,1.6800,HC,SWANSON,doi:10.1021/ct600216k
CLEU,CD1,-0.416300,2.5590,CT,SWANSON,doi:10.1021/ct600216k
CLEU,HD11,0.103800,1.6800,HC,SWANSON,doi:10.1021/ct600216k
CLEU,HD12,0.103800,1.6800,HC,SWANSON,doi:10.1021/ct600216k
CLEU,HD13,0.103800,1.6800,HC,SWANSON,doi:10.1021/ct600216k
CLEU,CD2,-0.416300,2.5590,CT,SWANSON,doi:10.1021/ct600216k
CLEU,HD21,0.103800,1.6800,HC,SWANSON,doi:10.1021/ct600216k
CLEU,HD22,0.103800,1.6800,HC,SWANSON,doi:10.1021/ct600216k
CLEU,HD23,0.103800,1.6800,HC,SWANSON,doi:10.1021/ct600216k
CLEU,C,0.832600,2.3170,C,SWANSON,doi:10.1021/ct600216k
CLEU,O,-0.819900,1.7320,O2,SWANSON,doi:10.1021/ct600216k
CLEU,OXT,-0.819900,1.7320,O2,SWANSON,doi:10.1021/ct600216k
CLYS,N,-0.348100,2.3990,N,SWANSON,doi:10.1021/ct600216k
CLYS,H,0.276400,1.3880,H,SWANSON,doi:10.1021/ct600216k
CLYS,CA,-0.290300,2.4280,CT,SWANSON,doi:10.1021/ct600216k
CLYS,HA,0.143800,2.0190,H1,SWANSON,doi:10.1021/ct600216k
CLYS,CB,-0.053800,2.5760,CT,SWANSON,doi:10.1021/ct600216k
CLYS,HB2,0.048200,1.6800,HC,SWANSON,doi:10.1021/ct600216k
CLYS,HB3,0.048200,1.6800,HC,SWANSON,doi:10.1021/ct600216k
CLYS,CG,0.022700,2.4140,CT,SWANSON,doi:10.1021/ct600216k
CLYS,HG2,0.013400,1.6800,HC,SWANSON,doi:10.1021/ct600216k
CLYS,HG3,0.013400,1.6800,HC,SWANSON,doi:10.1021/ct600216k
CLYS,CD,-0.039200,2.4420,CT,SWANSON,doi:10.1021/ct600216k
CLYS,HD2,0.061100,1.6800,HC,SWANSON,doi:10.1021/ct600216k
CLYS,HD3,0.061100,1.6800,HC,SWANSON,doi:10.1021/ct600216k
CLYS,CE,-0.017600,2.4610,CT,SWANSON,doi:10.1021/ct600216k
CLYS,HE2,0.112100,2.0190,HP,SWANSON,doi:10.1021/ct600216k
CLYS,HE3,0.112100,2.0190,HP,SWANSON,doi:10.1021/ct600216k
CLYS,NZ,-0.374100,2.3280,N3,SWANSON,doi:10.1021/ct600216k
CLYS,HZ1,0.337400,1.3020,H,SWANSON,doi:10.1021/ct600216k
CLYS,HZ2,0.337400,1.3020,H,SWANSON,doi:10.1021/ct600216k
CLYS,HZ3,0.337400,1.3020,H,SWANSON,doi:10.1021/ct600216k
CLYS,C,0.848800,2.3170,C,SWANSON,doi:10.1021/ct600216k
CLYS,O,-0.825200,1.7320,O2,SWANSON,doi:10.1021/ct600216k
CLYS,OXT,-0.825200,1.7320,O2,SWANSON,doi:10.1021/ct600216k
CMET,N,-0.382100,2.3990,N,SWANSON,doi:10.1021/ct600216k
CMET,H,0.268100,1.3880,H,SWANSON,doi:10.1021/ct600216k
CMET,CA,-0.259700,2.4280,CT,SWANSON,doi:10.1021/ct600216k
CMET,HA,0.127700,2.0190,H1,SWANSON,doi:10.1021/ct600216k
CMET,CB,-0.023600,2.2310,CT,SWANSON,doi:10.1021/ct600216k
CMET,HB2,0.048000,1.6800,HC,SWANSON,doi:10.1021/ct600216k
CMET,HB3,0.048000,1.6800,HC,SWANSON,doi:10.1021/ct600216k
CMET,CG,0.049200,2.4140,CT,SWANSON,doi:10.1021/ct600216k
CMET,HG2,0.031700,2.0190,H1,SWANSON,doi:10.1021/ct600216k
CMET,HG3,0.031700,2.0190,H1,SWANSON,doi:10.1021/ct600216k
CMET,SD,-0.269200,2.3370,S,SWANSON,doi:10.1021/ct600216k
CMET,CE,-0.037600,1.9720,CT,SWANSON,doi:10.1021/ct600216k
CMET,HE1,0.062500,2.0190,H1,SWANSON,doi:10.1021/ct600216k
CMET,HE2,0.062500,2.0190,H1,SWANSON,doi:10.1021/ct600216k
CMET,HE3,0.062500,2.0190,H1,SWANSON,doi:10.1021/ct600216k
CMET,C,0.801300,2.3170,C,SWANSON,doi:10.1021/ct600216k
CMET,O,-0.810500,1.7320,O2,SWANSON,doi:10.1021/ct600216k
CMET,OXT,-0.810500,1.7320,O2,SWANSON,doi:10.1021/ct600216k
CPHE,N,-0.382100,2.3990,N,SWANSON,doi:10.1021/ct600216k
CPHE,H,0.268100,1.3880,H,SWANSON,doi:10.1021/ct600216k
CPHE,CA,-0.182500,2.4280,CT,SWANSON,doi:10.1021/ct600216k
CPHE,HA,0.109800,2.0190,H1,SWANSON,doi:10.1021/ct600216k
CPHE,CB,-0.095900,2.2310,CT,SWANSON,doi:10.1021/ct600216k
CPHE,HB2,0.044300,1.6800,HC,SWANSON,doi:10.1021/ct600216k
CPHE,HB3,0.044300,1.6800,HC,SWANSON,doi:10.1021/ct600216k
CPHE,CG,0.055200,2.1360,CA,SWANSON,doi:10.1021/ct600216k
CPHE,CD1,-0.130000,2.2170,CA,SWANSON,doi:10.1021/ct600216k
CPHE,HD1,0.140800,1.6800,HA,SWANSON,doi:10.1021/ct600216k
CPHE,CE1,-0.184700,2.2170,CA,SWANSON,doi:10.1021/ct600216k
CPHE,HE1,0.146100,1.6800,HA,SWANSON,doi:10.1021/ct600216k
CPHE,CZ,-0.094400,2.2170,CA,SWANSON,doi:10.1021/ct600216k
CPHE,HZ,0.128000,1.6800,HA,SWANSON,doi:10.1021/ct600216k
CPHE,CE2,-0.184700,2.2170,CA,SWANSON,doi:10.1021/ct600216k
CPHE,HE2,0.146100,1.6800,HA,SWANSON,doi:10.1021/ct600216k
CPHE,CD2,-0.130000,2.2170,CA,SWANSON,doi:10.1021/ct600216k
CPHE,HD2,0.140800,1.6800,HA,SWANSON,doi:10.1021/ct600216k
CPHE,C,0.766000,2.3170,C,SWANSON,doi:10.1021/ct600216k
CPHE,O,-0.802600,1.7320,O2,SWANSON,doi:10.1021/ct600216k
CPHE,OXT,-0.802600,1.7320,O2,SWANSON,doi:10.1021/ct600216k
CPRO,N,-0.280200,2.3990,N,SWANSON,doi:10.1021/ct600216k
CPRO,CD,0.043400,2.4400,CT,SWANSON,doi:10.1021/ct600216k
CPRO,HD2,0.033100,2.0190,H1,SWANSON,doi:10.1021/ct600216k
CPRO,HD3,0.033100,2.0190,H1,SWANSON,doi:10.1021/ct600216k
CPRO,CG,0.046600,2.4400,CT,SWANSON,doi:10.1021/ct600216k
CPRO,HG2,0.017200,1.6800,HC,SWANSON,doi:10.1021/ct600216k
CPRO,HG3,0.017200,1.6800,HC,SWANSON,doi:10.1021/ct600216k
CPRO,CB,-0.054300,2.4400,CT,SWANSON,doi:10.1021/ct600216k
CPRO,HB2,0.038100,1.6800,HC,SWANSON,doi:10.1021/ct600216k
CPRO,HB3,0.038100,1.6800,HC,SWANSON,doi:10.1021/ct600216k
CPRO,CA,-0.133600,2.4280,CT,SWANSON,doi:10.1021/ct600216k
CPRO,HA,0.077600,2.0190,H1,SWANSON,doi:10.1021/ct600216k
CPRO,C,0.663100,2.3170,C,SWANSON,doi:10.1021/ct600216k
CPRO,O,-0.769700,1.7320,O2,SWANSON,doi:10.1021/ct600216k
CPRO,OXT,-0.769700,1.7320,O2,SWANSON,doi:10.1021/ct600216k
CSER,N,-0.382100,2.3990,N,SWANSON,doi:10.1021/ct600216k
CSER,H,0.268100,1.3880,H,SWANSON,doi:10.1021/ct600216k
CSER,CA,-0.272200,2.4280,CT,SWANSON,doi:10.1021/ct600216k
CSER,HA,0.130400,2.0190,H1,SWANSON,doi:10.1021/ct600216k
CSER,CB,0.112300,2.2310,CT,SWANSON,doi:10.1021/ct600216k
CSER,HB2,0.081300,2.0190,H1,SWANSON,doi:10.1021/ct600216k
CSER,HB3,0.081300,2.0190,H1,SWANSON,doi:10.1021/ct600216k
CSER,OG,-0.651400,2.1010,OH,SWANSON,doi:10.1021/ct600216k
CSER,HG,0.447400,0.9170,HO,SWANSON,doi:10.1021/ct600216k
CSER,C,0.811300,2.3170,C,SWANSON,doi:10.1021/ct600216k
CSER,O,-0.813200,1.7320,O2,SWANSON,doi:10.1021/ct600216k
CSER,OXT,-0.813200,1.7320,O2,SWANSON,doi:10.1021/ct600216k
CTHR,N,-0.382100,2.3990,N,SWANSON,doi:10.1021/ct600216k
CTHR,H,0.268100,1.3880,H,SWANSON,doi:10.1021/ct600216k
CTHR,CA,-0.242000,2.4280,CT,SWANSON,doi:10.1021/ct600216k
CTHR,HA,0.120700,2.0190,H1,SWANSON,doi:10.1021/ct600216k
CTHR,CB,0.302500,2.2310,CT,SWANSON,doi:10.1021/ct600216k
CTHR,HB,0.007800,2.0190,H1,SWANSON,doi:10.1021/ct600216k
CTHR,CG2,-0.185300,2.4140,CT,SWANSON,doi:10.1021/ct600216k
CTHR,HG21,0.058600,1.6800,HC,SWANSON,doi:10.1021/ct600216k
CTHR,HG22,0.058600,1.6800,HC,SWANSON,doi:10.1021/ct600216k
CTHR,HG23,0.058600,1.6800,HC,SWANSON,doi:10.1021/ct600216k
CTHR,OG1,-0.649600,2.1010,OH,SWANSON,doi:10.1021/ct600216k
CTHR,HG1,0.411900,0.9170,HO,SWANSON,doi:10.1021/ct600216k
CTHR,C,0.781000,2.3170,C,SWANSON,doi:10.1021/ct600216k
CTHR,O,-0.804400,1.7320,O2,SWANSON,doi:10.1021/ct600216k
CTHR,OXT,-0.804400,1.7320,O2,SWANSON,doi:10.1021/ct600216k
CTRP,N,-0.382100,2.3990,N,SWANSON,doi:10.1021/ct600216k
CTRP,H,0.268100,1.3880,H,SWANSON,doi:10.1021/ct600216k
CTRP,CA,-0.208400,2.4280,CT,SWANSON,doi:10.1021/ct600216k
CTRP,HA,0.127200,2.0190,H1,SWANSON,doi:10.1021/ct600216k
CTRP,CB,-0.074200,2.2310,CT,SWANSON,doi:10.1021/ct600216k
CTRP,HB2,0.049700,1.6800,HC,SWANSON,doi:10.1021/ct600216k
CTRP,HB3,0.049700,1.6800,HC,SWANSON,doi:10.1021/ct600216k
CTRP,CG,-0.079600,2.1360,C*,SWANSON,doi:10.1021/ct600216k
CTRP,CD1,-0.180800,2.2170,CW,SWANSON,doi:10.1021/ct600216k
CTRP,HD1,0.204300,1.4090,H4,SWANSON,doi:10.1021/ct600216k
CTRP,NE1,-0.331600,1.9600,NA,SWANSON,doi:10.1021/ct600216k
CTRP,HE1,0.341300,1.3020,H,SWANSON,doi:10.1021/ct600216k
CTRP,CE2,0.122200,2.2170,CN,SWANSON,doi:10.1021/ct600216k
CTRP,CZ2,-0.259400,2.2170,CA,SWANSON,doi:10.1021/ct600216k
CTRP,HZ2,0.156700,1.6800,HA,SWANSON,doi:10.1021/ct600216k
CTRP,CH2,-0.102000,1.9080,CA,SWANSON,doi:10.1021/ct600216k
CTRP,HH2,0.140100,1.6800,HA,SWANSON,doi:10.1021/ct600216k
CTRP,CZ3,-0.228700,2.2170,CA,SWANSON,doi:10.1021/ct600216k
CTRP,HZ3,0.150700,1.6800,HA,SWANSON,doi:10.1021/ct600216k
CTRP,CE3,-0.183700,2.2170,CA,SWANSON,doi:10.1021/ct600216k
CTRP,HE3,0.149100,1.6800,HA,SWANSON,doi:10.1021/ct600216k
CTRP,CD2,0.107800,2.2170,CB,SWANSON,doi:10.1021/ct600216k
CTRP,C,0.765800,2.3170,C,SWANSON,doi:10.1021/ct600216k
CTRP,O,-0.801100,1.7320,O2,SWANSON,doi:10.1021/ct600216k
CTRP,OXT,-0.801100,1.7320,O2,SWANSON,doi:10.1021/ct600216k
CTYR,N,-0.382100,2.3990,N,SWANSON,doi:10.1021/ct600216k
CTYR,H,0.268100,1.3880,H,SWANSON,doi:10.1021/ct600216k
CTYR,CA,-0.201500,2.4280,CT,SWANSON,doi:10.1021/ct600216k
CTYR,HA,0.109200,2.0190,H1,SWANSON,doi:10.1021/ct600216k
CTYR,CB,-0.075200,2.2310,CT,SWANSON,doi:10.1021/ct600216k
CTYR,HB2,0.049000,1.6800,HC,SWANSON,doi:10.1021/ct600216k
CTYR,HB3,0.049000,1.6800,HC,SWANSON,doi:10.1021/ct600216k
CTYR,CG,0.024300,2.1360,CA,SWANSON,doi:10.1021/ct600216k
CTYR,CD1,-0.192200,2.2170,CA,SWANSON,doi:10.1021/ct600216k
CTYR,HD1,0.178000,1.6800,HA,SWANSON,doi:10.1021/ct600216k
CTYR,CE1,-0.245800,2.2170,CA,SWANSON,doi:10.1021/ct600216k
CTYR,HE1,0.167300,1.6800,HA,SWANSON,doi:10.1021/ct600216k
CTYR,CZ,0.339500,2.2170,C,SWANSON,doi:10.1021/ct600216k
CTYR,OH,-0.564300,2.1080,OH,SWANSON,doi:10.1021/ct600216k
CTYR,HH,0.401700,0.9170,HO,SWANSON,doi:10.1021/ct600216k
CTYR,CE2,-0.245800,2.2170,CA,SWANSON,doi:10.1021/ct600216k
CTYR,HE2,0.167300,1.6800,HA,SWANSON,doi:10.1021/ct600216k
CTYR,CD2,-0.192200,2.2170,CA,SWANSON,doi:10.1021/ct600216k
CTYR,HD2,0.178000,1.6800,HA,SWANSON,doi:10.1021/ct600216k
CTYR,C,0.781700,2.3170,C,SWANSON,doi:10.1021/ct600216k
CTYR,O,-0.807000,1.7320,O2,SWANSON,doi:10.1021/ct600216k
CTYR,OXT,-0.807000,1.7320,O2,SWANSON,doi:10.1021/ct600216k
CVAL,N,-0.382100,2.3990,N,SWANSON,doi:10.1021/ct600216k
CVAL,H,0.268100,1.3880,H,SWANSON,doi:10.1021/ct600216k
CVAL,CA,-0.343800,2.4280,CT,SWANSON,doi:10.1021/ct600216k
CVAL,HA,0.143800,2.0190,H1,SWANSON,doi:10.1021/ct600216k
CVAL,CB,0.194000,2.5760,CT,SWANSON,doi:10.1021/ct600216k
CVAL,HB,0.030800,1.6800,HC,SWANSON,doi:10.1021/ct600216k
CVAL,CG1,-0.306400,2.4140,CT,SWANSON,doi:10.1021/ct600216k
CVAL,HG11,0.083600,1.6800,HC,SWANSON,doi:10.1021/ct600216k
CVAL,HG12,0.083600,1.6800,HC,SWANSON,doi:10.1021/ct600216k
CVAL,HG13,0.083600,1.6800,HC,SWANSON,doi:10.1021/ct600216k
CVAL,CG2,-0.306400,2.4140,CT,SWANSON,doi:10.1021/ct600216k
CVAL,HG21,0.083600,1.6800,HC,SWANSON,doi:10.1021/ct600216k
CVAL,HG22,0.083600,1.6800,HC,SWANSON,doi:10.1021/ct600216k
CVAL,HG23,0.083600,1.6800,HC,SWANSON,doi:10.1021/ct600216k
CVAL,C,0.835000,2.3170,C,SWANSON,doi:10.1021/ct600216k
CVAL,O,-0.817300,1.7320,O2,SWANSON,doi:10.1021/ct600216k
CVAL,OXT,-0.817300,1.7320,O2,SWANSON,doi:10.1021/ct600216k
NHE,N,-0.463000,2.3990,N,SWANSON,doi:10.1021/ct600216k
NHE,HN1,0.231500,1.3020,H,SWANSON,doi:10.1021/ct600216k
NHE,HN2,0.231500,1.3020,H,SWANSON,doi:10.1021/ct600216k
NME,N,-0.415700,2.3990,N,SWANSON,doi:10.1021/ct600216k
NME,H,0.271900,1.3880,H,SWANSON,doi:10.1021/ct600216k
NME,CH3,-0.149000,2.1480,CT,SWANSON,doi:10.1021/ct600216k
NME,HH31,0.097600,2.0190,H1,SWANSON,doi:10.1021/ct600216k
NME,HH32,0.097600,2.0190,H1,SWANSON,doi:10.1021/ct600216k
NME,HH33,0.097600,2.0190,H1,SWANSON,doi:10.1021/ct600216k
ACE,HH31,0.112300,1.6800,HC,SWANSON,doi:10.1021/ct600216k
ACE,CH3,-0.366200,2.1480,CT,SWANSON,doi:10.1021/ct600216k
ACE,HH32,0.112300,1.6800,HC,SWANSON,doi:10.1021/ct600216k
ACE,HH33,0.112300,1.6800,HC,SWANSON,doi:10.1021/ct600216k
ACE,C,0.597200,2.3170,C,SWANSON,doi:10.1021/ct600216k
ACE,O,-0.567900,1.7320,O,SWANSON,doi:10.1021/ct600216k
NALA,N,0.141400,2.3990,N3,SWANSON,doi:10.1021/ct600216k
NALA,H1,0.199700,1.3020,H,SWANSON,doi:10.1021/ct600216k
NALA,H2,0.199700,1.3020,H,SWANSON,doi:10.1021/ct600216k
NALA,H3,0.199700,1.3020,H,SWANSON,doi:10.1021/ct600216k
NALA,CA,0.096200,2.4280,CT,SWANSON,doi:10.1021/ct600216k
NALA,HA,0.088900,2.0190,HP,SWANSON,doi:10.1021/ct600216k
NALA,CB,-0.059700,2.5760,CT,SWANSON,doi:10.1021/ct600216k
NALA,HB1,0.030000,1.6800,HC,SWANSON,doi:10.1021/ct600216k
NALA,HB2,0.030000,1.6800,HC,SWANSON,doi:10.1021/ct600216k
NALA,HB3,0.030000,1.6800,HC,SWANSON,doi:10.1021/ct600216k
NALA,C,0.616300,2.3170,C,SWANSON,doi:10.1021/ct600216k
NALA,O,-0.572200,1.7320,O,SWANSON,doi:10.1021/ct600216k
NARG,N,0.130500,2.3990,N3,SWANSON,doi:10.1021/ct600216k
NARG,H1,0.208300,1.3020,H,SWANSON,doi:10.1021/ct600216k
NARG,H2,0.208300,1.3020,H,SWANSON,doi:10.1021/ct600216k
NARG,H3,0.208300,1.3020,H,SWANSON,doi:10.1021/ct600216k
NARG,CA,-0.022300,2.4280,CT,SWANSON,doi:10.1021/ct600216k
NARG,HA,0.124200,2.0190,HP,SWANSON,doi:10.1021/ct600216k
NARG,CB,0.011800,2.5760,CT,SWANSON,doi:10.1021/ct600216k
NARG,HB2,0.022600,1.6800,HC,SWANSON,doi:10.1021/ct600216k
NARG,HB3,0.022600,1.6800,HC,SWANSON,doi:10.1021/ct600216k
NARG,CG,0.023600,2.4140,CT,SWANSON,doi:10.1021/ct600216k
NARG,HG2,0.030900,1.6800,HC,SWANSON,doi:10.1021/ct600216k
NARG,HG3,0.030900,1.6800,HC,SWANSON,doi:10.1021/ct600216k
NARG,CD,0.093500,2.4420,CT,SWANSON,doi:10.1021/ct600216k
NARG,HD2,0.052700,2.0190,H1,SWANSON,doi:10.1021/ct600216k
NARG,HD3,0.052700,2.0190,H1,SWANSON,doi:10.1021/ct600216k
NARG,NE,-0.565000,2.3280,N2,SWANSON,doi:10.1021/ct600216k
NARG,HE,0.359200,1.3020,H,SWANSON,doi:10.1021/ct600216k
NARG,CZ,0.828100,2.4610,CA,SWANSON,doi:10.1021/ct600216k
NARG,NH1,-0.869300,2.3280,N2,SWANSON,doi:10.1021/ct600216k
NARG,HH11,0.449400,1.3020,H,SWANSON,doi:10.1021/ct600216k
NARG,HH12,0.449400,1.3020,H,SWANSON,doi:10.1021/ct600216k
NARG,NH2,-0.869300,2.3280,N2,SWANSON,doi:10.1021/ct600216k
NARG,HH21,0.449400,1.3020,H,SWANSON,doi:10.1021/ct600216k
NARG,HH22,0.449400,1.3020,H,SWANSON,doi:10.1021/ct600216k
NARG,C,0.721400,2.3170,C,SWANSON,doi:10.1021/ct600216k
NARG,O,-0.601300,1.7320,O,SWANSON,doi:10.1021/ct600216k
NASN,N,0.180100,2.3990,N3,SWANSON,doi:10.1021/ct600216k
NASN,H1,0.192100,1.3020,H,SWANSON,doi:10.1021/ct600216k
NASN,H2,0.192100,1.3020,H,SWANSON,doi:10.1021/ct600216k
NASN,H3,0.192100,1.3020,H,SWANSON,doi:10.1021/ct600216k
NASN,CA,0.036800,2.4280,CT,SWANSON,doi:10.1021/ct600216k
NASN,HA,0.123100,2.0190,HP,SWANSON,doi:10.1021/ct600216k
NASN,CB,-0.028300,2.5760,CT,SWANSON,doi:10.1021/ct600216k
NASN,HB2,0.051500,1.6800,HC,SWANSON,doi:10.1021/ct600216k
NASN,HB3,0.051500,1.6800,HC,SWANSON,doi:10.1021/ct600216k
NASN,CG,0.583300,2.3530,C,SWANSON,doi:10.1021/ct600216k
NASN,OD1,-0.574400,1.7560,O,SWANSON,doi:10.1021/ct600216k
NASN,ND2,-0.863400,2.3970,N,SWANSON,doi:10.1021/ct600216k
NASN,HD21,0.409700,1.3020,H,SWANSON,doi:10.1021/ct600216k
NASN,HD22,0.409700,1.3020,H,SWANSON,doi:10.1021/ct600216k
NASN,C,0.616300,2.3170,C,SWANSON,doi:10.1021/ct600216k
NASN,O,-0.572200,1.7320,O,SWANSON,doi:10.1021/ct600216k
NASP,N,0.078200,2.3990,N3,SWANSON,doi:10.1021/ct600216k
NASP,H1,0.220000,1.3020,H,SWANSON,doi:10.1021/ct600216k
NASP,H2,0.220000,1.3020,H,SWANSON,doi:10.1021/ct600216k
NASP,H3,0.220000,1.3020,H,SWANSON,doi:10.1021/ct600216k
NASP,CA,0.029200,2.4280,CT,SWANSON,doi:10.1021/ct600216k
NASP,HA,0.114100,2.0190,HP,SWANSON,doi:10.1021/ct600216k
NASP,CB,-0.023500,2.2310,CT,SWANSON,doi:10.1021/ct600216k
NASP,HB2,-0.016900,1.6800,HC,SWANSON,doi:10.1021/ct600216k
NASP,HB3,-0.016900,1.6800,HC,SWANSON,doi:10.1021/ct600216k
NASP,CG,0.819400,2.3530,C,SWANSON,doi:10.1021/ct600216k
NASP,OD1,-0.808400,1.7560,O2,SWANSON,doi:10.1021/ct600216k
NASP,OD2,-0.808400,1.7560,O2,SWANSON,doi:10.1021/ct600216k
NASP,C,0.562100,2.3170,C,SWANSON,doi:10.1021/ct600216k
NASP,O,-0.588900,1.7320,O,SWANSON,doi:10.1021/ct600216k
NCYS,N,0.132500,2.3990,N3,SWANSON,doi:10.1021/ct600216k
NCYS,H1,0.202300,1.3020,H,SWANSON,doi:10.1021/ct600216k
NCYS,H2,0.202300,1.3020,H,SWANSON,doi:10.1021/ct600216k
NCYS,H3,0.202300,1.3020,H,SWANSON,doi:10.1021/ct600216k
NCYS,CA,0.092700,2.4280,CT,SWANSON,doi:10.1021/ct600216k
NCYS,HA,0.141100,2.0190,HP,SWANSON,doi:10.1021/ct600216k
NCYS,CB,-0.119500,2.2310,CT,SWANSON,doi:10.1021/ct600216k
NCYS,HB2,0.118800,2.0190,H1,SWANSON,doi:10.1021/ct600216k
NCYS,HB3,0.118800,2.0190,H1,SWANSON,doi:10.1021/ct600216k
NCYS,SG,-0.329800,2.3370,SH,SWANSON,doi:10.1021/ct600216k
NCYS,HSG,0.197500,0.9170,HS,SWANSON,doi:10.1021/ct600216k
NCYS,C,0.612300,2.3170,C,SWANSON,doi:10.1021/ct600216k
NCYS,O,-0.571300,1.7320,O,SWANSON,doi:10.1021/ct600216k
NCYX,N,0.206900,2.3990,N3,SWANSON,doi:10.1021/ct600216k
NCYX,H1,0.181500,1.3020,H,SWANSON,doi:10.1021/ct600216k
NCYX,H2,0.181500,1.3020,H,SWANSON,doi:10.1021/ct600216k
NCYX,H3,0.181500,1.3020,H,SWANSON,doi:10.1021/ct600216k
NCYX,CA,0.105500,2.4280,CT,SWANSON,doi:10.1021/ct600216k
NCYX,HA,0.092200,2.0190,HP,SWANSON,doi:10.1021/ct600216k
NCYX,CB,-0.027700,2.2310,CT,SWANSON,doi:10.1021/ct600216k
NCYX,HB2,0.068000,2.0190,H1,SWANSON,doi:10.1021/ct600216k
NCYX,HB3,0.068000,2.0190,H1,SWANSON,doi:10.1021/ct600216k
NCYX,SG,-0.098400,2.3370,S,SWANSON,doi:10.1021/ct600216k
NCYX,C,0.612300,2.3170,C,SWANSON,doi:10.1021/ct600216k
NCYX,O,-0.571300,1.7320,O,SWANSON,doi:10.1021/ct600216k
NGLN,N,0.149300,2.3990,N3,SWANSON,doi:10.1021/ct600216k
NGLN,H1,0.199600,1.3020,H,SWANSON,doi:10.1021/ct600216k
NGLN,H2,0.199600,1.3020,H,SWANSON,doi:10.1021/ct600216k
NGLN,H3,0.199600,1.3020,H,SWANSON,doi:10.1021/ct600216k
NGLN,CA,0.053600,2.4280,CT,SWANSON,doi:10.1021/ct600216k
NGLN,HA,0.101500,2.0190,HP,SWANSON,doi:10.1021/ct600216k
NGLN,CB,0.065100,2.5760,CT,SWANSON,doi:10.1021/ct600216k
NGLN,HB2,0.005000,1.6800,HC,SWANSON,doi:10.1021/ct600216k
NGLN,HB3,0.005000,1.6800,HC,SWANSON,doi:10.1021/ct600216k
NGLN,CG,-0.090300,2.4140,CT,SWANSON,doi:10.1021/ct600216k
NGLN,HG2,0.033100,1.6800,HC,SWANSON,doi:10.1021/ct600216k
NGLN,HG3,0.033100,1.6800,HC,SWANSON,doi:10.1021/ct600216k
NGLN,CD,0.735400,2.3530,C,SWANSON,doi:10.1021/ct600216k
NGLN,OE1,-0.613300,1.7560,O,SWANSON,doi:10.1021/ct600216k
NGLN,NE2,-1.003100,2.3970,N,SWANSON,doi:10.1021/ct600216k
NGLN,HE21,0.442900,1.3020,H,SWANSON,doi:10.1021/ct600216k
NGLN,HE22,0.442900,1.3020,H,SWANSON,doi:10.1021/ct600216k
NGLN,C,0.612300,2.3170,C,SWANSON,doi:10.1021/ct600216k
NGLN,O,-0.571300,1.7320,O,SWANSON,doi:10.1021/ct600216k
NGLU,N,0.001700,2.3990,N3,SWANSON,doi:10.1021/ct600216k
NGLU,H1,0.239100,1.3020,H,SWANSON,doi:10.1021/ct600216k
NGLU,H2,0.239100,1.3020,H,SWANSON,doi:10.1021/ct600216k
NGLU,H3,0.239100,1.3020,H,SWANSON,doi:10.1021/ct600216k
NGLU,CA,0.058800,2.4280,CT,SWANSON,doi:10.1021/ct600216k
NGLU,HA,0.120200,2.0190,HP,SWANSON,doi:10.1021/ct600216k
NGLU,CB,0.090900,2.2310,CT,SWANSON,doi:10.1021/ct600216k
NGLU,HB2,-0.023200,1.6800,HC,SWANSON,doi:10.1021/ct600216k
NGLU,HB3,-0.023200,1.6800,HC,SWANSON,doi:10.1021/ct600216k
NGLU,CG,-0.023600,2.3410,CT,SWANSON,doi:10.1021/ct600216k
NGLU,HG2,-0.031500,1.6800,HC,SWANSON,doi:10.1021/ct600216k
NGLU,HG3,-0.031500,1.6800,HC,SWANSON,doi:10.1021/ct600216k
NGLU,CD,0.808700,2.3530,C,SWANSON,doi:10.1021/ct600216k
NGLU,OE1,-0.818900,1.7560,O2,SWANSON,doi:10.1021/ct600216k
NGLU,OE2,-0.818900,1.7560,O2,SWANSON,doi:10.1021/ct600216k
NGLU,C,0.562100,2.3170,C,SWANSON,doi:10.1021/ct600216k
NGLU,O,-0.588900,1.7320,O,SWANSON,doi:10.1021/ct600216k
NGLY,N,0.294300,2.3990,N3,SWANSON,doi:10.1021/ct600216k
NGLY,H1,0.164200,1.3020,H,SWANSON,doi:10.1021/ct600216k
NGLY,H2,0.164200,1.3020,H,SWANSON,doi:10.1021/ct600216k
NGLY,H3,0.164200,1.3020,H,SWANSON,doi:10.1021/ct600216k
NGLY,CA,-0.010000,2.3530,CT,SWANSON,doi:10.1021/ct600216k
NGLY,HA2,0.089500,2.0190,HP,SWANSON,doi:10.1021/ct600216k
NGLY,HA3,0.089500,2.0190,HP,SWANSON,doi:10.1021/ct600216k
NGLY,C,0.616300,2.3170,C,SWANSON,doi:10.1021/ct600216k
NGLY,O,-0.572200,1.7320,O,SWANSON,doi:10.1021/ct600216k
NHID,N,0.154200,2.3990,N3,SWANSON,doi:10.1021/ct600216k
NHID,H1,0.196300,1.3020,H,SWANSON,doi:10.1021/ct600216k
NHID,H2,0.196300,1.3020,H,SWANSON,doi:10.1021/ct600216k
NHID,H3,0.196300,1.3020,H,SWANSON,doi:10.1021/ct600216k
NHID,CA,0.096400,2.4280,CT,SWANSON,doi:10.1021/ct600216k
NHID,HA,0.095800,2.0190,HP,SWANSON,doi:10.1021/ct600216k
NHID,CB,0.025900,2.2310,CT,SWANSON,doi:10.1021/ct600216k
NHID,HB2,0.020900,1.6800,HC,SWANSON,doi:10.1021/ct600216k
NHID,HB3,0.020900,1.6800,HC,SWANSON,doi:10.1021/ct600216k
NHID,CG,-0.039900,2.1360,CC,SWANSON,doi:10.1021/ct600216k
NHID,ND1,-0.381900,2.0400,NA,SWANSON,doi:10.1021/ct600216k
NHID,HD1,0.363200,1.3020,H,SWANSON,doi:10.1021/ct600216k
NHID,CE1,0.212700,2.2170,CR,SWANSON,doi:10.1021/ct600216k
NHID,HE1,0.138500,1.3590,H5,SWANSON,doi:10.1021/ct600216k
NHID,NE2,-0.571100,2.0400,NB,SWANSON,doi:10.1021/ct600216k
NHID,CD2,0.104600,2.2170,CV,SWANSON,doi:10.1021/ct600216k
NHID,HD2,0.129900,1.4090,H4,SWANSON,doi:10.1021/ct600216k
NHID,C,0.612300,2.3170,C,SWANSON,doi:10.1021/ct600216k
NHID,O,-0.571300,1.7320,O,SWANSON,doi:10.1021/ct600216k
NHIE,N,0.147200,2.3990,N3,SWANSON,doi:10.1021/ct600216k
NHIE,H1,0.201600,1.3020,H,SWANSON,doi:10.1021/ct600216k
NHIE,H2,0.201600,1.3020,H,SWANSON,doi:10.1021/ct600216k
NHIE,H3,0.201600,1.3020,H,SWANSON,doi:10.1021/ct600216k
NHIE,CA,0.023600,2.4280,CT,SWANSON,doi:10.1021/ct600216k
NHIE,HA,0.138000,2.0190,HP,SWANSON,doi:10.1021/ct600216k
NHIE,CB,0.048900,2.2310,CT,SWANSON,doi:10.1021/ct600216k
NHIE,HB2,0.022300,1.6800,HC,SWANSON,doi:10.1021/ct600216k
NHIE,HB3,0.022300,1.6800,HC,SWANSON,doi:10.1021/ct600216k
NHIE,CG,0.174000,2.1360,CC,SWANSON,doi:10.1021/ct600216k
NHIE,ND1,-0.557900,2.0400,NB,SWANSON,doi:10.1021/ct600216k
NHIE,CE1,0.180400,2.2170,CR,SWANSON,doi:10.1021/ct600216k
NHIE,HE1,0.139700,1.3590,H5,SWANSON,doi:10.1021/ct600216k
NHIE,NE2,-0.278100,2.0400,NA,SWANSON,doi:10.1021/ct600216k
NHIE,HE2,0.332400,1.3020,H,SWANSON,doi:10.1021/ct600216k
NHIE,CD2,-0.234900,2.2170,CW,SWANSON,doi:10.1021/ct600216k
NHIE,HD2,0.196300,1.4090,H4,SWANSON,doi:10.1021/ct600216k
NHIE,C,0.612300,2.3170,C,SWANSON,doi:10.1021/ct600216k
NHIE,O,-0.571300,1.7320,O,SWANSON,doi:10.1021/ct600216k
NHIP,N,0.256000,2.3990,N3,SWANSON,doi:10.1021/ct600216k
NHIP,H1,0.170400,1.3020,H,SWANSON,doi:10.1021/ct600216k
NHIP,H2,0.170400,1.3020,H,SWANSON,doi:10.1021/ct600216k
NHIP,H3,0.170400,1.3020,H,SWANSON,doi:10.1021/ct600216k
NHIP,CA,0.058100,2.4280,CT,SWANSON,doi:10.1021/ct600216k
NHIP,HA,0.104700,2.0190,HP,SWANSON,doi:10.1021/ct600216k
NHIP,CB,0.048400,2.2310,CT,SWANSON,doi:10.1021/ct600216k
NHIP,HB2,0.053100,1.6800,HC,SWANSON,doi:10.1021/ct600216k
NHIP,HB3,0.053100,1.6800,HC,SWANSON,doi:10.1021/ct600216k
NHIP,CG,-0.023600,2.1360,CC,SWANSON,doi:10.1021/ct600216k
NHIP,ND1,-0.151000,2.0400,NA,SWANSON,doi:10.1021/ct600216k
NHIP,HD1,0.382100,1.3020,H,SWANSON,doi:10.1021/ct600216k
NHIP,CE1,-0.001100,2.2170,CR,SWANSON,doi:10.1021/ct600216k
NHIP,HE1,0.264500,1.3590,H5,SWANSON,doi:10.1021/ct600216k
NHIP,NE2,-0.173900,2.0400,NA,SWANSON,doi:10.1021/ct600216k
NHIP,HE2,0.392100,1.3020,H,SWANSON,doi:10.1021/ct600216k
NHIP,CD2,-0.143300,2.2170,CW,SWANSON,doi:10.1021/ct600216k
NHIP,HD2,0.249500,1.4090,H4,SWANSON,doi:10.1021/ct600216k
NHIP,C,0.721400,2.3170,C,SWANSON,doi:10.1021/ct600216k
NHIP,O,-0.601300,1.7320,O,SWANSON,doi:10.1021/ct600216k
NILE,N,0.031100,2.3990,N3,SWANSON,doi:10.1021/ct600216k
NILE,H1,0.232900,1.3020,H,SWANSON,doi:10.1021/ct600216k
NILE,H2,0.232900,1.3020,H,SWANSON,doi:10.1021/ct600216k
NILE,H3,0.232900,1.3020,H,SWANSON,doi:10.1021/ct600216k
NILE,CA,0.025700,2.4280,CT,SWANSON,doi:10.1021/ct600216k
NILE,HA,0.103100,2.0190,HP,SWANSON,doi:10.1021/ct600216k
NILE,CB,0.188500,2.5760,CT,SWANSON,doi:10.1021/ct600216k
NILE,HB,0.021300,1.6800,HC,SWANSON,doi:10.1021/ct600216k
NILE,CG2,-0.372000,2.4140,CT,SWANSON,doi:10.1021/ct600216k
NILE,HG21,0.094700,1.6800,HC,SWANSON,doi:10.1021/ct600216k
NILE,HG22,0.094700,1.6800,HC,SWANSON,doi:10.1021/ct600216k
NILE,HG23,0.094700,1.6800,HC,SWANSON,doi:10.1021/ct600216k
NILE,CG1,-0.038700,2.4140,CT,SWANSON,doi:10.1021/ct600216k
NILE,HG12,0.020100,1.6800,HC,SWANSON,doi:10.1021/ct600216k
NILE,HG13,0.020100,1.6800,HC,SWANSON,doi:10.1021/ct600216k
NILE,CD1,-0.090800,2.5590,CT,SWANSON,doi:10.1021/ct600216k
NILE,HD11,0.022600,1.6800,HC,SWANSON,doi:10.1021/ct600216k
NILE,HD12,0.022600,1.6800,HC,SWANSON,doi:10.1021/ct600216k
NILE,HD13,0.022600,1.6800,HC,SWANSON,doi:10.1021/ct600216k
NILE,C,0.612300,2.3170,C,SWANSON,doi:10.1021/ct600216k
NILE,O,-0.571300,1.7320,O,SWANSON,doi:10.1021/ct600216k
NLEU,N,0.101000,2.3990,N3,SWANSON,doi:10.1021/ct600216k
NLEU,H1,0.214800,1.3020,H,SWANSON,doi:10.1021/ct600216k
NLEU,H2,0.214800,1.3020,H,SWANSON,doi:10.1021/ct600216k
NLEU,H3,0.214800,1.3020,H,SWANSON,doi:10.1021/ct600216k
NLEU,CA,0.010400,2.4280,CT,SWANSON,doi:10.1021/ct600216k
NLEU,HA,0.105300,2.0190,HP,SWANSON,doi:10.1021/ct600216k
NLEU,CB,-0.024400,2.5760,CT,SWANSON,doi:10.1021/ct600216k
NLEU,HB2,0.025600,1.6800,HC,SWANSON,doi:10.1021/ct600216k
NLEU,HB3,0.025600,1.6800,HC,SWANSON,doi:10.1021/ct600216k
NLEU,CG,0.342100,2.4140,CT,SWANSON,doi:10.1021/ct600216k
NLEU,HG,-0.038000,1.6800,HC,SWANSON,doi:10.1021/ct600216k
NLEU,CD1,-0.410600,2.5590,CT,SWANSON,doi:10.1021/ct600216k
NLEU,HD11,0.098000,1.6800,HC,SWANSON,doi:10.1021/ct600216k
NLEU,HD12,0.098000,1.6800,HC,SWANSON,doi:10.1021/ct600216k
NLEU,HD13,0.098000,1.6800,HC,SWANSON,doi:10.1021/ct600216k
NLEU,CD2,-0.410400,2.5590,CT,SWANSON,doi:10.1021/ct600216k
NLEU,HD21,0.098000,1.6800,HC,SWANSON,doi:10.1021/ct600216k
NLEU,HD22,0.098000,1.6800,HC,SWANSON,doi:10.1021/ct600216k
NLEU,HD23,0.098000,1.6800,HC,SWANSON,doi:10.1021/ct600216k
NLEU,C,0.612300,2.3170,C,SWANSON,doi:10.1021/ct600216k
NLEU,O,-0.571300,1.7320,O,SWANSON,doi:10.1021/ct600216k
NLYS,N,0.096600,2.3990,N3,SWANSON,doi:10.1021/ct600216k
NLYS,H1,0.216500,1.3020,H,SWANSON,doi:10.1021/ct600216k
NLYS,H2,0.216500,1.3020,H,SWANSON,doi:10.1021/ct600216k
NLYS,H3,0.216500,1.3020,H,SWANSON,doi:10.1021/ct600216k
NLYS,CA,-0.001500,2.4280,CT,SWANSON,doi:10.1021/ct600216k
NLYS,HA,0.118000,2.0190,HP,SWANSON,doi:10.1021/ct600216k
NLYS,CB,0.021200,2.5760,CT,SWANSON,doi:10.1021/ct600216k
NLYS,HB2,0.028300,1.6800,HC,SWANSON,doi:10.1021/ct600216k
NLYS,HB3,0.028300,1.6800,HC,SWANSON,doi:10.1021/ct600216k
NLYS,CG,-0.004800,2.4140,CT,SWANSON,doi:10.1021/ct600216k
NLYS,HG2,0.012100,1.6800,HC,SWANSON,doi:10.1021/ct600216k
NLYS,HG3,0.012100,1.6800,HC,SWANSON,doi:10.1021/ct600216k
NLYS,CD,-0.060800,2.4420,CT,SWANSON,doi:10.1021/ct600216k
NLYS,HD2,0.063300,1.6800,HC,SWANSON,doi:10.1021/ct600216k
NLYS,HD3,0.063300,1.6800,HC,SWANSON,doi:10.1021/ct600216k
NLYS,CE,-0.018100,2.4610,CT,SWANSON,doi:10.1021/ct600216k
NLYS,HE2,0.117100,2.0190,HP,SWANSON,doi:10.1021/ct600216k
NLYS,HE3,0.117100,2.0190,HP,SWANSON,doi:10.1021/ct600216k
NLYS,NZ,-0.376400,2.3280,N3,SWANSON,doi:10.1021/ct600216k
NLYS,HZ1,0.338200,1.3020,H,SWANSON,doi:10.1021/ct600216k
NLYS,HZ2,0.338200,1.3020,H,SWANSON,doi:10.1021/ct600216k
NLYS,HZ3,0.338200,1.3020,H,SWANSON,doi:10.1021/ct600216k
NLYS,C,0.721400,2.3170,C,SWANSON,doi:10.1021/ct600216k
NLYS,O,-0.601300,1.7320,O,SWANSON,doi:10.1021/ct600216k
NMET,N,0.159200,2.3990,N3,SWANSON,doi:10.1021/ct600216k
NMET,H1,0.198400,1.3020,H,SWANSON,doi:10.1021/ct600216k
NMET,H2,0.198400,1.3020,H,SWANSON,doi:10.1021/ct600216k
NMET,H3,0.198400,1.3020,H,SWANSON,doi:10.1021/ct600216k
NMET,CA,0.022100,2.4280,CT,SWANSON,doi:10.1021/ct600216k
NMET,HA,0.111600,2.0190,HP,SWANSON,doi:10.1021/ct600216k
NMET,CB,0.086500,2.2310,CT,SWANSON,doi:10.1021/ct600216k
NMET,HB2,0.012500,1.6800,HC,SWANSON,doi:10.1021/ct600216k
NMET,HB3,0.012500,1.6800,HC,SWANSON,doi:10.1021/ct600216k
NMET,CG,0.033400,2.4140,CT,SWANSON,doi:10.1021/ct600216k
NMET,HG2,0.029200,2.0190,H1,SWANSON,doi:10.1021/ct600216k
NMET,HG3,0.029200,2.0190,H1,SWANSON,doi:10.1021/ct600216k
NMET,SD,-0.277400,2.3370,S,SWANSON,doi:10.1021/ct600216k
NMET,CE,-0.034100,1.9720,CT,SWANSON,doi:10.1021/ct600216k
NMET,HE1,0.059700,2.0190,H1,SWANSON,doi:10.1021/ct600216k
NMET,HE2,0.059700,2.0190,H1,SWANSON,doi:10.1021/ct600216k
NMET,HE3,0.059700,2.0190,H1,SWANSON,doi:10.1021/ct600216k
NMET,C,0.612300,2.3170,C,SWANSON,doi:10.1021/ct600216k
NMET,O,-0.571300,1.7320,O,SWANSON,doi:10.1021/ct600216k
NPHE,N,0.173700,2.3990,N3,SWANSON,doi:10.1021/ct600216k
NPHE,H1,0.192100,1.3020,H,SWANSON,doi:10.1021/ct600216k
NPHE,H2,0.192100,1.3020,H,SWANSON,doi:10.1021/ct600216k
NPHE,H3,0.192100,1.3020,H,SWANSON,doi:10.1021/ct600216k
NPHE,CA,0.073300,2.4280,CT,SWANSON,doi:10.1021/ct600216k
NPHE,HA,0.104100,2.0190,HP,SWANSON,doi:10.1021/ct600216k
NPHE,CB,0.033000,2.2310,CT,SWANSON,doi:10.1021/ct600216k
NPHE,HB2,0.010400,1.6800,HC,SWANSON,doi:10.1021/ct600216k
NPHE,HB3,0.010400,1.6800,HC,SWANSON,doi:10.1021/ct600216k
NPHE,CG,0.003100,2.1360,CA,SWANSON,doi:10.1021/ct600216k
NPHE,CD1,-0.139200,2.2170,CA,SWANSON,doi:10.1021/ct600216k
NPHE,HD1,0.137400,1.6800,HA,SWANSON,doi:10.1021/ct600216k
NPHE,CE1,-0.160200,2.2170,CA,SWANSON,doi:10.1021/ct600216k
NPHE,HE1,0.143300,1.6800,HA,SWANSON,doi:10.1021/ct600216k
NPHE,CZ,-0.120800,2.2170,CA,SWANSON,doi:10.1021/ct600216k
NPHE,HZ,0.132900,1.6800,HA,SWANSON,doi:10.1021/ct600216k
NPHE,CE2,-0.160300,2.2170,CA,SWANSON,doi:10.1021/ct600216k
NPHE,HE2,0.143300,1.6800,HA,SWANSON,doi:10.1021/ct600216k
NPHE,CD2,-0.139100,2.2170,CA,SWANSON,doi:10.1021/ct600216k
NPHE,HD2,0.137400,1.6800,HA,SWANSON,doi:10.1021/ct600216k
NPHE,C,0.612300,2.3170,C,SWANSON,doi:10.1021/ct600216k
NPHE,O,-0.571300,1.7320,O,SWANSON,doi:10.1021/ct600216k
NPRO,N,-0.202000,2.3990,N3,SWANSON,doi:10.1021/ct600216k
NPRO,H2,0.312000,1.3020,H,SWANSON,doi:10.1021/ct600216k
NPRO,H3,0.312000,1.3020,H,SWANSON,doi:10.1021/ct600216k
NPRO,CD,-0.012000,2.4400,CT,SWANSON,doi:10.1021/ct600216k
NPRO,HD2,0.100000,2.0190,HP,SWANSON,doi:10.1021/ct600216k
NPRO,HD3,0.100000,2.0190,HP,SWANSON,doi:10.1021/ct600216k
NPRO,CG,-0.121000,2.4400,CT,SWANSON,doi:10.1021/ct600216k
NPRO,HG2,0.100000,1.6800,HC,SWANSON,doi:10.1021/ct600216k
NPRO,HG3,0.100000,1.6800,HC,SWANSON,doi:10.1021/ct600216k
NPRO,CB,-0.115000,2.4400,CT,SWANSON,doi:10.1021/ct600216k
NPRO,HB2,0.100000,1.6800,HC,SWANSON,doi:10.1021/ct600216k
NPRO,HB3,0.100000,1.6800,HC,SWANSON,doi:10.1021/ct600216k
NPRO,CA,0.100000,2.4280,CT,SWANSON,doi:10.1021/ct600216k
NPRO,HA,0.100000,2.0190,HP,SWANSON,doi:10.1021/ct600216k
NPRO,C,0.526000,2.3170,C,SWANSON,doi:10.1021/ct600216k
NPRO,O,-0.500000,1.7320,O,SWANSON,doi:10.1021/ct600216k
NSER,N,0.184900,2.3990,N3,SWANSON,doi:10.1021/ct600216k
NSER,H1,0.189800,1.3020,H,SWANSON,doi:10.1021/ct600216k
NSER,H2,0.189800,1.3020,H,SWANSON,doi:10.1021/ct600216k
NSER,H3,0.189800,1.3020,H,SWANSON,doi:10.1021/ct600216k
NSER,CA,0.056700,2.4280,CT,SWANSON,doi:10.1021/ct600216k
NSER,HA,0.078200,2.0190,HP,SWANSON,doi:10.1021/ct600216k
NSER,CB,0.259600,2.2310,CT,SWANSON,doi:10.1021/ct600216k
NSER,HB2,0.027300,2.0190,H1,SWANSON,doi:10.1021/ct600216k
NSER,HB3,0.027300,2.0190,H1,SWANSON,doi:10.1021/ct600216k
NSER,OG,-0.671400,2.1010,OH,SWANSON,doi:10.1021/ct600216k
NSER,HG,0.423900,0.9170,HO,SWANSON,doi:10.1021/ct600216k
NSER,C,0.616300,2.3170,C,SWANSON,doi:10.1021/ct600216k
NSER,O,-0.572200,1.7320,O,SWANSON,doi:10.1021/ct600216k
NTHR,N,0.181200,2.3990,N3,SWANSON,doi:10.1021/ct600216k
NTHR,H1,0.193400,1.3020,H,SWANSON,doi:10.1021/ct600216k
NTHR,H2,0.193400,1.3020,H,SWANSON,doi:10.1021/ct600216k
NTHR,H3,0.193400,1.3020,H,SWANSON,doi:10.1021/ct600216k
NTHR,CA,0.003400,2.4280,CT,SWANSON,doi:10.1021/ct600216k
NTHR,HA,0.108700,2.0190,HP,SWANSON,doi:10.1021/ct600216k
NTHR,CB,0.451400,2.2310,CT,SWANSON,doi:10.1021/ct600216k
NTHR,HB,-0.032300,2.0190,H1,SWANSON,doi:10.1021/ct600216k
NTHR,CG2,-0.255400,2.4140,CT,SWANSON,doi:10.1021/ct600216k
NTHR,HG21,0.062700,1.6800,HC,SWANSON,doi:10.1021/ct600216k
NTHR,HG22,0.062700,1.6800,HC,SWANSON,doi:10.1021/ct600216k
NTHR,HG23,0.062700,1.6800,HC,SWANSON,doi:10.1021/ct600216k
NTHR,OG1,-0.676400,2.1010,OH,SWANSON,doi:10.1021/ct600216k
NTHR,HG1,0.407000,0.9170,HO,SWANSON,doi:10.1021/ct600216k
NTHR,C,0.616300,2.3170,C,SWANSON,doi:10.1021/ct600216k
NTHR,O,-0.572200,1.7320,O,SWANSON,doi:10.1021/ct600216k
NTRP,N,0.191300,2.3990,N3,SWANSON,doi:10.1021/ct600216k
NTRP,H1,0.188800,1.3020,H,SWANSON,doi:10.1021/ct600216k
NTRP,H2,0.188800,1.3020,H,SWANSON,doi:10.1021/ct600216k
NTRP,H3,0.188800,1.3020,H,SWANSON,doi:10.1021/ct600216k
NTRP,CA,0.042100,2.4280,CT,SWANSON,doi:10.1021/ct600216k
NTRP,HA,0.116200,2.0190,HP,SWANSON,doi:10.1021/ct600216k
NTRP,CB,0.054300,2.2310,CT,SWANSON,doi:10.1021/ct600216k
NTRP,HB2,0.022200,1.6800,HC,SWANSON,doi:10.1021/ct600216k
NTRP,HB3,0.022200,1.6800,HC,SWANSON,doi:10.1021/ct600216k
NTRP,CG,-0.165400,2.1360,C*,SWANSON,doi:10.1021/ct600216k
NTRP,CD1,-0.178800,2.2170,CW,SWANSON,doi:10.1021/ct600216k
NTRP,HD1,0.219500,1.4090,H4,SWANSON,doi:10.1021/ct600216k
NTRP,NE1,-0.344400,1.9600,NA,SWANSON,doi:10.1021/ct600216k
NTRP,HE1,0.341200,1.3020,H,SWANSON,doi:10.1021/ct600216k
NTRP,CE2,0.157500,2.2170,CN,SWANSON,doi:10.1021/ct600216k
NTRP,CZ2,-0.271000,2.2170,CA,SWANSON,doi:10.1021/ct600216k
NTRP,HZ2,0.158900,1.6800,HA,SWANSON,doi:10.1021/ct600216k
NTRP,CH2,-0.108000,1.9080,CA,SWANSON,doi:10.1021/ct600216k
NTRP,HH2,0.141100,1.6800,HA,SWANSON,doi:10.1021/ct600216k
NTRP,CZ3,-0.203400,2.2170,CA,SWANSON,doi:10.1021/ct600216k
NTRP,HZ3,0.145800,1.6800,HA,SWANSON,doi:10.1021/ct600216k
NTRP,CE3,-0.226500,2.2170,CA,SWANSON,doi:10.1021/ct600216k
NTRP,HE3,0.164600,1.6800,HA,SWANSON,doi:10.1021/ct600216k
NTRP,CD2,0.113200,2.2170,CB,SWANSON,doi:10.1021/ct600216k
NTRP,C,0.612300,2.3170,C,SWANSON,doi:10.1021/ct600216k
NTRP,O,-0.571300,1.7320,O,SWANSON,doi:10.1021/ct600216k
NTYR,N,0.194000,2.3990,N3,SWANSON,doi:10.1021/ct600216k
NTYR,H1,0.187300,1.3020,H,SWANSON,doi:10.1021/ct600216k
NTYR,H2,0.187300,1.3020,H,SWANSON,doi:10.1021/ct600216k
NTYR,H3,0.187300,1.3020,H,SWANSON,doi:10.1021/ct600216k
NTYR,CA,0.057000,2.4280,CT,SWANSON,doi:10.1021/ct600216k
NTYR,HA,0.098300,2.0190,HP,SWANSON,doi:10.1021/ct600216k
NTYR,CB,0.065900,2.2310,CT,SWANSON,doi:10.1021/ct600216k
NTYR,HB2,0.010200,1.6800,HC,SWANSON,doi:10.1021/ct600216k
NTYR,HB3,0.010200,1.6800,HC,SWANSON,doi:10.1021/ct600216k
NTYR,CG,-0.020500,2.1360,CA,SWANSON,doi:10.1021/ct600216k
NTYR,CD1,-0.200200,2.2170,CA,SWANSON,doi:10.1021/ct600216k
NTYR,HD1,0.172000,1.6800,HA,SWANSON,doi:10.1021/ct600216k
NTYR,CE1,-0.223900,2.2170,CA,SWANSON,doi:10.1021/ct600216k
NTYR,HE1,0.165000,1.6800,HA,SWANSON,doi:10.1021/ct600216k
NTYR,CZ,0.313900,2.2170,C,SWANSON,doi:10.1021/ct600216k
NTYR,OH,-0.557800,2.1080,OH,SWANSON,doi:10.1021/ct600216k
NTYR,HH,0.400100,0.9170,HO,SWANSON,doi:10.1021/ct600216k
NTYR,CE2,-0.223900,2.2170,CA,SWANSON,doi:10.1021/ct600216k
NTYR,HE2,0.165000,1.6800,HA,SWANSON,doi:10.1021/ct600216k
NTYR,CD2,-0.200200,2.2170,CA,SWANSON,doi:10.1021/ct600216k
NTYR,HD2,0.172000,1.6800,HA,SWANSON,doi:10.1021/ct600216k
NTYR,C,0.612300,2.3170,C,SWANSON,doi:10.1021/ct600216k
NTYR,O,-0.571300,1.7320,O,SWANSON,doi:10.1021/ct600216k
NVAL,N,0.057700,2.3990,N3,SWANSON,doi:10.1021/ct600216k
NVAL,H1,0.227200,1.3020,H,SWANSON,doi:10.1021/ct600216k
NVAL,H2,0.227200,1.3020,H,SWANSON,doi:10.1021/ct600216k
NVAL,H3,0.227200,1.3020,H,SWANSON,doi:10.1021/ct600216k
NVAL,CA,-0.005400,2.4280,CT,SWANSON,doi:10.1021/ct600216k
NVAL,HA,0.109300,2.0190,HP,SWANSON,doi:10.1021/ct600216k
NVAL,CB,0.319600,2.5760,CT,SWANSON,doi:10.1021/ct600216k
NVAL,HB,-0.022100,1.6800,HC,SWANSON,doi:10.1021/ct600216k
NVAL,CG1,-0.312900,2.4140,CT,SWANSON,doi:10.1021/ct600216k
NVAL,HG11,0.073500,1.6800,HC,SWANSON,doi:10.1021/ct600216k
NVAL,HG12,0.073500,1.6800,HC,SWANSON,doi:10.1021/ct600216k
NVAL,HG13,0.073500,1.6800,HC,SWANSON,doi:10.1021/ct600216k
NVAL,CG2,-0.312900,2.4140,CT,SWANSON,doi:10.1021/ct600216k
NVAL,HG21,0.073500,1.6800,HC,SWANSON,doi:10.1021/ct600216k
NVAL,HG22,0.073500,1.6800,HC,SWANSON,doi:10.1021/ct600216k
NVAL,HG23,0.073500,1.6800,HC,SWANSON,doi:10.1021/ct600216k
NVAL,C,0.616300,2.3170,C,SWANSON,doi:10.1021/ct600216k
NVAL,O,-0.572200,1.7320,O,SWANSON,doi:10.1021/ct600216k
WAT,HW,0.417000,0.0000,HW,SWANSON,doi:10.1021/ct600216k
WAT,OW,-0.834000,1.6612,OW,SWANSON,doi:10.1021/ct600216k
